#SampleID	SampleID	barcode	Subject	Treatment	Diet	Day	Age	Ethnicity	Height	Weight	BMI	AgeOfMenarche	AvgNumDaysBtwPeriods	OCE2Dosage	AgeFirstOCUse	TotalYearsOnOC	BowelDiaryCollectionTime	BMperDay	BMperWk	AvgAmountPerWeek	AvgCon	AvgStrain	AvgPain	AvgFCons	H2	CH4
701C	701C	GCGATATATCGC	701	Control	No Prune	Day 1	19	Asian	160	66.56	26	10	120	NA	19	0.3	1	2.71	19	6.25	1	1	1	1	46.94444444	15
702C	702C	TACGAGCCCTAA	702	Control	No Prune	Day 1	20	Asian	156.21	44.6	18.27751689	12	20	NA	NA	NA	3	0.71	5	5.75	4.6	3.2	1	3	20.5	10.77777778
705C	705C	ATCCTTTGGTTC	705	Control	No Prune	Day 1	23	Hispanic	152.4	74.8	32.20561997	10	32	NA	22	1.58	1	1.14	8	6.75	3.21	1.71	1.21	1.43	29.38888889	12.33333333
706C	706C	TACAGCGCATAC	706	Control	No Prune	Day 1	21	White	162.56	58.7	22.21317919	14	27	NA	16	3	missing	NA	NA	NA	NA	NA	NA	NA	1.111111111	2.777777778
732N	732N	AGATTGACCAAC	732	User	No Prune	Day 1	20	White	175	73.3	23.93469388	13	24	30	18	2.08	1	1	7	3.33	3.57	1.86	1.29	2	55.33333333	7.944444444
734N	734N	ACTTCCAACTTC	734	User	No Prune	Day 1	NA	NA	NA	NA	NA	NA	NA	NA	NA	NA	NA	NA	NA	NA	NA	NA	NA	NA	NA	NA
735P	735P	AGTTACGAGCTA	735	User	No Prune	Day 1	21	White	163	57	21.45	13	25	30	16	5	missing	NA	NA	NA	NA	NA	NA	NA	152.2777778	15.11111111
736N	736N	GAGCCATCTGTA	736	User	No Prune	Day 1	21	Asian	165	58.5	21.48760331	15	21	20	21	1	1	1.71	12	7	3.29	2	1.43	1.43	77.27777778	12
737P	737P	TGCAGTCCTCGA	737	User	No Prune	Day 1	24	Hispanic	167.6	85.8	30.5449388	11.5	30	20	16	9	1	1.43	10	3.25	3.71	2.43	1	2.14	245.7777778	14
739N	739N	TCGACATCTCTT	739	User	No Prune	Day 1	19	White	157.48	57.18	23.06	12	29	20	18	1.33	missing	NA	NA	NA	NA	NA	NA	NA	67.11111111	8.5
740P	740P	AGCGGAGGTTAG	740	User	No Prune	Day 1	NA	NA	NA	NA	NA	NA	NA	NA	NA	NA	NA	NA	NA	NA	NA	NA	NA	NA	NA	NA
741P	741P	CAAATTCGGGAT	741	User	No Prune	Day 1	20	White	171.5	81.7	27.77754167	14	23	20	15	5	1	1.57	11	4.25	3.86	2.43	1.86	2.43	64.44444444	25.94444444
742P	742P	GGTTGCCCTGTA	742	User	No Prune	Day 1	23	Hispanic 	170	84.7	29.30795848	12	26	20	18	2.7	5	2.14	15	5.01	3.86	2.86	2.14	2.57	70.11111111	17.77777778
743P	743P	GTATCTGCGCGT	743	User	No Prune	Day 1	NA	NA	NA	NA	NA	NA	NA	NA	NA	NA	NA	NA	NA	NA	NA	NA	NA	NA	NA	NA
744P	744P	CAACTCCCGTGA	744	User	No Prune	Day 1	21	White	160.02	74.3	29.02	14	29	25	17	4	1	0.86	6	7.5	3.83	2.17	2	1	28	12.66666667
916C	916C	GCTGTACGGATT	916	Control	No Prune	Day 1	22	Hispanic	162.5	61	23.1	12	30	NA	NA	NA	1	0.86	6	5.5	3.66	2.33	1.67	2	17	9.833333333
917C	917C	TGGTCAACGATA	917	Control	No Prune	Day 1	NA	NA	NA	NA	NA	NA	NA	NA	NA	NA	NA	NA	NA	NA	NA	NA	NA	NA	NA	NA
918C	918C	TCCCTTGTCTCC	918	Control	No Prune	Day 1	20	Hispanic	155	46.1	19.18834547	12	30	NA	NA	NA	1	1.14	8	1.21	4.57	2	1.14	2.14	45.72222222	13.27777778
919C	919C	ACCATAGCTCCG	919	Control	No Prune	Day 1	21	White	157.48	49.2	19.83874935	13	30	NA	NA	NA	1	0.57	4	0.69	4.5	1.75	1	1.5	5	5.055555556
920C	920C	CGAGGGAAAGTC	920	Control	No Prune	Day 1	22	Asian	167.64	71.4	25.4063869	13	24	NA	NA	NA	1	1.29	9	1.13	3.33	2	1	1.83	45.11111111	13.94444444
921C	921C	GCATATGCACTG	921	Control	No Prune	Day 1	24	Hispanic	152	52.3	22.63677285	11	30	NA	22	2	1	2	14	12.5	1.29	1.14	1	1	20.55555556	41
922C	922C	GAACACTTTGGA	922	Control	No Prune	Day 1	21	Hispanic	168	69.1	24.48270975	11	28	NA	18	2	1	1.29	9	5.5	4.72	3.71	2.71	4.71	23	12.44444444
923C	923C	CACTACGCTAGA	923	Control	No Prune	Day 1	20	Asian	165	61	22.40587695	12	30	NA	NA	NA	2	1.86	13	6.5	1.29	1.29	7	1.43	57.94444444	13.27777778
924C	924C	CATTCGTGGCGT	924	Control	No Prune	Day 1	19	Hispanic	160	71.11	27.77734375	10	21	NA	NA	NA	1	1.86	13	5	3.14	2.64	1	2.21	64.5	14.66666667
925C	925C	TACTACGTGGCC	925	Control	No Prune	Day 1	21	White	165.1	61.9	22.70892116	13	27	NA	15	5	1	1.14	8	6	3.79	1.29	2.14	1.29	18.72222222	11.27777778
926C	926C	TGTGAATTCGGA	926	Control	No Prune	Day 1	22	White	177.8	96.9	30.65210212	13	28	NA	15	0.5	1	1.43	10	9.5	2.43	1.14	1	1	18.66666667	10
927C	927C	ATCGCACAGTAA	927	Control	No Prune	Day 1	22	Hispanic	157.5	61.6	24.8324515	11	29	NA	17	0.5	1	1.43	10	5.5	4.86	2	1.29	1	41.5	10.83333333
928C	928C	CCAATACGCCTG	928	Control	No Prune	Day 1	20	Hispanic	160	57.6	22.5	14	28	NA	NA	NA	1	1	7	5	2.4	2.2	1	2.2	40	13.72222222
929C	929C	GAATACCAAGTC	929	Control	No Prune	Day 1	24	White	167.6	72.4	25.77451712	12.5	29.5	NA	NA	NA	2	1.57	11	4.58	3.21	2.57	1.26	1.57	15.27777778	8.5
930C	930C	TTGGGTACACGT	930	Control	No Prune	Day 1	NA	NA	NA	NA	NA	NA	NA	NA	NA	NA	NA	NA	NA	NA	NA	NA	NA	NA	NA	NA
947N	947N	TATACCGCTGCG	947	User	No Prune	Day 1	21	Hispanic	160.02	75.6	29.52386857	13	28	35	17	1.5	1	2.71	19	3.25	3.57	1.57	1	2	52.44444444	14.55555556
948N	948N	CTCACCTAGGAA	948	User	No Prune	Day 1	21	White	175.26	61.2	19.92442548	15	21	35	16	5	1	1.29	9	8.92	8	1.43	1.29	1.57	3.444444444	3.555555556
949N	949N	GTCGACAGAGGA	949	User	No Prune	Day 1	21	White	175.26	62.4	20.31510049	13	21	30	19	2	1	1	7	1.25	4.8	3.4	1.8	2.57	66.72222222	14.61111111
950N	950N	AGGCTTACGTGT	950	User	No Prune	Day 1	23	White	162.6	56.1	21.21884687	15	21	20	19	4	1	1.71	12	8.5	3.14	1.57	1.43	1.57	33.33333333	40.61111111
951N	951N	TCTCTACCACTC	951	User	No Prune	Day 1	19	White	160.02	52.56	20.52611815	13	24	20	17	2.3	1	2.29	16	15	2.5	1.83	1.5	2.71	88.11111111	16.55555556
952P	952P	CAGCTCATCAGC	952	User	No Prune	Day 1	20	White	160.02	46.8	18.27668054	13	21	20	19	1	1	2.86	20	4.5	3	1.14	1	1	79.44444444	16.38888889
953P	953P	AATTGTGTCGGA	953	User	No Prune	Day 1	23	White	162.56	52.6	19.90482497	12	30	20	15	8	3	4	28	4	5.14	1	1	1	53.05555556	15.38888889
954P	954P	CATTATGGCGTG	954	User	No Prune	Day 1	24	Asian	162.56	63.1	23.88	13	28	30	24.5	3	1	1.29	9	4.35	6	4	1	2.4	61.44444444	14.22222222
955N	955N	ACCGGTATGTAC	955	User	No Prune	Day 1	20	Other	160.02	58.3	22.76774521	13	25.5	35	16.5	3.75	1	2.43	17	5.75	4.57	2.86	1.14	1.86	55.27777778	13.88888889
956N	956N	GTGTTGTCGTGC	956	User	No Prune	Day 1	24	Hispanic	162.56	74.4	28.15435318	14	28	20	19	3	1	2.29	16	7	3	1.43	1.57	1.57	82.83333333	20.5
957P	957P	ATCACCAGGTGT	957	User	No Prune	Day 1	21	Other	156	64.8	26.62721893	10	25	20	16	4.75	1	1.86	13	8.5	4.71	2	1	1.86	66	18.55555556
958P	958P	GCAACACCATCC	958	User	No Prune	Day 1	19	White	165	58.36	21.43617998	12	29	35	14	6	1	0.86	6	5.25	4	2.67	1.17	1.33	29.66666667	13.16666667
960N	960N	GTGGAGTCTCAT	960	User	No Prune	Day 1	23	Asian	156	60.2	24.73701512	12	NoPeriod 	20	19	1.67	1	1.71	12	8.75	4.43	4.29	3	3.29	15.22222222	10.88888889
962P	962P	TGCATACACTGG	962	User	No Prune	Day 1	23	Black	162.56	58.3	22.0618117	12	30	20	19	4	3	1.43	10	0.39	3.57	2.42	3.14	5.29	25.72222222	53.11111111
963P	963P	GTAGATCGTGTA	963	User	No Prune	Day 1	20	White	160.02	49.4	19.29205169	14	28	20	17	3	1	1.14	8	0.9	4.2	1.4	1	3.6	9.5	7.277777778
966N	966N	TAGGCATGCTTG	966	User	No Prune	Day 1	21	Hispanic	160.02	53.2	20.77605566	13	30	35	17	4	1	1.86	13	0.38	3.71	2.57	1.14	1.14	13.38888889	8.388888889
967N	967N	TAATACGGATCG	967	User	No Prune	Day 1	NA	NA	NA	NA	NA	NA	NA	NA	NA	NA	NA	NA	NA	NA	NA	NA	NA	NA	NA	NA
970P	970P	ACGAGACTGATT	970	User	No Prune	Day 1	22	White	154.94	75.6	31.49159752	15	24	20	20	2.0833	1	1.14	8	1.29	2.89	1.71	1.42	1.43	15.33333333	9.611111111
971P	971P	GTCGTGTAGCCT	971	User	No Prune	Day 1	20	Asian	160	49.2	19.22	13	27	20	18	2.0833	2	2	14	1.43	3.43	2.14	1.29	1	69.55555556	16.94444444
972P	972P	GATCTGCGATCC	972	User	No Prune	Day 1	22	White	160	46.9	18.3203125	13	NoPeriod 	20	17	4	2	1.57	11	0.46	5.33	1	1	1	97.72222222	19.38888889
973P	973P	ACCAGTGACTCA	973	User	No Prune	Day 1	21	White	167.64	70.6	25.12	14	30	35	17	4	1	1.14	8	0.86	3.71	2.14	2	2.29	5.333333333	5.722222222
975N	975N	ATGATGAGCCTC	975	User	No Prune	Day 1	20	Asian	157.48	54.8	22.09681839	14	22	20	19	0.83	1	1.29	9	0.29	4.5	2.5	1	1.67	32.44444444	14.44444444
978P	978P	TAACGTGTGTGC	978	User	No Prune	Day 1	18	White	160	54.01	21.09765625	13	63	30	16	3	2	3.43	24	1.75	3.43	2.29	1	2.57	49.11111111	16.33333333
980N	980N	GATTCCGGCTCA	980	User	No Prune	Day 1	NA	NA	NA	NA	NA	NA	NA	NA	NA	NA	NA	NA	NA	NA	NA	NA	NA	NA	NA	NA
981P	981P	AGTCGTGCACAT	981	User	No Prune	Day 1	23	Asian	162.56	47.2	17.86136385	14	28	20	18	5.08	1	1.43	10	12	3.86	1	1	1	24.77777778	13.16666667
982N	982N	ATGGGTTCCGTC	982	User	No Prune	Day 1	NA	NA	NA	NA	NA	NA	NA	NA	NA	NA	NA	NA	NA	NA	NA	NA	NA	NA	NA	NA
983N	983N	CTATCTCCTGTC	983	User	No Prune	Day 1	19	White	165.1	50.6	18.56335074	13	28	35	16	2.25	1	1.8	12	2.75	4.6	3	2.4	4.2	51	16
984N	984N	TGTCGCAAATAG	984	User	No Prune	Day 1	19	White	166	54.06	19.61823196	14	NoPeriod 	30	16	2	unknown	2.14	15	4.75	5	3.14	1	3	46.88888889	15.16666667
985P	985P	AAGGCGCTCCTT	985	User	No Prune	Day 1	21	White	165.1	66.3	24.32	13	30	35	16	5	1	1.29	9	5	3.29	3	1.86	3.29	23.38888889	11.77777778
986N	986N	ACAATAGACACC	986	User	No Prune	Day 1	18	Hispanic	170	65.39	22.62629758	13	28	35	15	3	1	1.43	10	5.25	4	1.86	1.14	1.86	33.88888889	13.11111111
987P	987P	GGCCAGTTCCTA	987	User	No Prune	Day 1	NA	NA	NA	NA	NA	NA	NA	NA	NA	NA	NA	NA	NA	NA	NA	NA	NA	NA	NA	NA
988P	988P	CGAGCAATCCTA	988	User	No Prune	Day 1	23	Hispanic	149.86	47.2	20.98	13	30	10	19	4	1	1.57	11	2.75	3.28	1.14	1	1.14	18.05555556	11.38888889
989N	989N	CATCCCTCTACT	989	User	No Prune	Day 1	21	Black	167.6	62.3	22.17890078	13	28	20	18	3	1	1.14	8	5.5	4.14	1.57	1	1.14	216.1111111	12.44444444
990P	990P	TCGGAATTAGAC	990	User	No Prune	Day 1	20	White	155	51	21.22788762	15	28	30	15	6	1	1.14	8	4.5	2.43	2.79	1.71	2.64	104.0555556	11.27777778
701C2	701C2	ACGTGAGGAACG	701	Control	No Prune	Day 21	19	Asian	160	66.56	26	10	120	NA	19	0.3	1	2.71	19	6.25	1	1	1	1	NA	NA
702C2	702C2	TATGCCAGAGAT	702	Control	No Prune	Day 21	20	Asian	156.21	44.6	18.27751689	12	20	NA	NA	NA	3	0.71	5	5.75	4.6	3.2	1	3	66.11111111	18.94444444
705C2	705C2	CTGTCTATACTA	705	Control	No Prune	Day 21	23	Hispanic	152.4	74.8	32.20561997	10	32	NA	22	1.58	1	1.14	8	6.75	3.21	1.71	1.21	1.43	29.83333333	10.55555556
706C2	706C2	CGTTTGGAATGA	706	Control	No Prune	Day 21	21	White	162.56	58.7	22.21317919	14	27	NA	16	3	missing	NA	NA	NA	NA	NA	NA	NA	2.444444444	5.777777778
732N2	732N2	ATGCTGCAACAC	732	User	No Prune	Day 21	20	White	175	73.3	23.93469388	13	24	30	18	2.08	1	1	7	3.33	3.57	1.86	1.29	2	3.333333333	5.277777778
735P2	735P2	AGCAGAACATCT	735	User	Prune	Day 21	21	White	163	57	21.45	13	25	30	16	5	missing	NA	NA	NA	NA	NA	NA	NA	11.88888889	27.16666667
736N2	736N2	GCGTTCTAGCTG	736	User	No Prune	Day 21	21	Asian	165	58.5	21.48760331	15	21	20	21	1	1	1.71	12	7	3.29	2	1.43	1.43	119.0555556	13.05555556
737P2	737P2	CGTATAAATGCG	737	User	Prune	Day 21	24	Hispanic	167.6	85.8	30.5449388	11.5	30	20	16	9	1	1.43	10	3.25	3.71	2.43	1	2.14	11.72222222	9.555555556
739N2	739N2	ATGTCACCGCTG	739	User	No Prune	Day 21	19	White	157.48	57.18	23.06	12	29	20	18	1.33	missing	NA	NA	NA	NA	NA	NA	NA	95.77777778	16.77777778
741P2	741P2	CAAGTGAAGGGA	741	User	Prune	Day 21	20	White	171.5	81.7	27.77754167	14	23	20	15	5	1	1.57	11	4.25	3.86	2.43	1.86	2.43	NA	NA
742P2	742P2	CGTCCGTATGAA	742	User	Prune	Day 21	23	Hispanic 	170	84.7	29.30795848	12	26	20	18	2.7	5	2.14	15	5.01	3.86	2.86	2.14	2.57	13.11111111	9.833333333
744P2	744P2	GCCTAGCCCAAT	744	User	Prune	Day 21	21	White	160.02	74.3	29.02	14	29	25	17	4	1	0.86	6	7.5	3.83	2.17	2	1	67.77777778	16.66666667
916C2	916C2	GATGTATGTGGT	916	Control	No Prune	Day 21	22	Hispanic	162.5	61	23.1	12	30	NA	NA	NA	1	0.86	6	5.5	3.66	2.33	1.67	2	32.55555556	12.61111111
918C2	918C2	ACTCACAGGAAT	918	Control	No Prune	Day 21	20	Hispanic	155	46.1	19.18834547	12	30	NA	NA	NA	1	1.14	8	1.21	4.57	2	1.14	2.14	31.61111111	12.11111111
919C2	919C2	CGGTCAATTGAC	919	Control	No Prune	Day 21	21	White	157.48	49.2	19.83874935	13	30	NA	NA	NA	1	0.57	4	0.69	4.5	1.75	1	1.5	60.5	12.5
920C2	920C2	GTCACGGACATT	920	Control	No Prune	Day 21	22	Asian	167.64	71.4	25.4063869	13	24	NA	NA	NA	1	1.29	9	1.13	3.33	2	1	1.83	35.5	12
921C2	921C2	GCTCGAAGATTC	921	Control	No Prune	Day 21	24	Hispanic	152	52.3	22.63677285	11	30	NA	22	2	1	2	14	12.5	1.29	1.14	1	1	27.38888889	40.72222222
922C2	922C2	AACTAGTTCAGG	922	Control	No Prune	Day 21	21	Hispanic	168	69.1	24.48270975	11	28	NA	18	2	1	1.29	9	5.5	4.72	3.71	2.71	4.71	48.22222222	14.42222222
923C2	923C2	CCACAGATCGAT	923	Control	No Prune	Day 21	20	Asian	165	61	22.40587695	12	30	NA	NA	NA	2	1.86	13	6.5	1.29	1.29	7	1.43	48.05555556	12.88888889
924C2	924C2	AGTTGAGGCATT	924	Control	No Prune	Day 21	19	Hispanic	160	71.11	27.77734375	10	21	NA	NA	NA	1	1.86	13	5	3.14	2.64	1	2.21	72.5	16.27777778
925C2	925C2	GGTGACTAGTTC	925	Control	No Prune	Day 21	21	White	165.1	61.9	22.70892116	13	27	NA	15	5	1	1.14	8	6	3.79	1.29	2.14	1.29	24.88888889	12.88888889
926C2	926C2	CGTAATTGCCGC	926	Control	No Prune	Day 21	22	White	177.8	96.9	30.65210212	13	28	NA	15	0.5	1	1.43	10	9.5	2.43	1.14	1	1	45.22222222	15.55555556
927C2	927C2	GCCTATGAGATC	927	Control	No Prune	Day 21	22	Hispanic	157.5	61.6	24.8324515	11	29	NA	17	0.5	1	1.43	10	5.5	4.86	2	1.29	1	66.94444444	17.22222222
928C2	928C2	ATTCTGCCGAAG	928	Control	No Prune	Day 21	20	Hispanic	160	57.6	22.5	14	28	NA	NA	NA	1	1	7	5	2.4	2.2	1	2.2	34.61111111	16.11111111
929C2	929C2	ACTCGCTCGCTG	929	Control	No Prune	Day 21	24	White	167.6	72.4	25.77451712	12.5	29.5	NA	NA	NA	2	1.57	11	4.58	3.21	2.57	1.26	1.57	42.38888889	13.05555556
947N2	947N2	CTCACAACCGTG	947	User	No Prune	Day 21	21	Hispanic	160.02	75.6	29.52386857	13	28	35	17	1.5	1	2.71	19	3.25	3.57	1.57	1	2	67.94444444	16.94444444
948N2	948N2	ACTCCTTGTGTT	948	User	No Prune	Day 21	21	White	175.26	61.2	19.92442548	15	21	35	16	5	1	1.29	9	8.92	8	1.43	1.29	1.57	6.611111111	5.611111111
949N2	949N2	CGGTGACCTACT	949	User	No Prune	Day 21	21	White	175.26	62.4	20.31510049	13	21	30	19	2	1	1	7	1.25	4.8	3.4	1.8	2.57	65.94444444	15.55555556
950N2	950N2	GGACTTCCAGCT	950	User	No Prune	Day 21	23	White	162.6	56.1	21.21884687	15	21	20	19	4	1	1.71	12	8.5	3.14	1.57	1.43	1.57	15.44444444	58.77777778
951N2	951N2	GCCTCTACGTCG	951	User	No Prune	Day 21	19	White	160.02	52.56	20.52611815	13	24	20	17	2.3	1	2.29	16	15	2.5	1.83	1.5	2.71	33.94444444	13.88888889
952P2	952P2	ACTACTGAGGAT	952	User	Prune	Day 21	20	White	160.02	46.8	18.27668054	13	21	20	19	1	1	2.86	20	4.5	3	1.14	1	1	87.88888889	17.33333333
953P2	953P2	GTGGTGGTTTCC	953	User	Prune	Day 21	23	White	162.56	52.6	19.90482497	12	30	20	15	8	3	4	28	4	5.14	1	1	1	44.72222222	14.5
954P2	954P2	AATTTAGGTAGG	954	User	Prune	Day 21	24	Asian	162.56	63.1	23.88	13	28	30	24.5	3	1	1.29	9	4.35	6	4	1	2.4	39.16666667	14.05555556
955N2	955N2	TGTAACGCCGAT	955	User	No Prune	Day 21	20	Other	160.02	58.3	22.76774521	13	25.5	35	16.5	3.75	1	2.43	17	5.75	4.57	2.86	1.14	1.86	61.33333333	13.88888889
956N2	956N2	TGGAGTAGGTGG	956	User	No Prune	Day 21	24	Hispanic	162.56	74.4	28.15435318	14	28	20	19	3	1	2.29	16	7	3	1.43	1.57	1.57	48.94444444	15.55555556
957P2	957P2	AATTCACCTCCT	957	User	Prune	Day 21	21	Other	156	64.8	26.62721893	10	25	20	16	4.75	1	1.86	13	8.5	4.71	2	1	1.86	20.27777778	10.5
958P2	958P2	GACTCAACCAGT	958	User	Prune	Day 21	19	White	165	58.36	21.43617998	12	29	35	14	6	1	0.86	6	5.25	4	2.67	1.17	1.33	41.11111111	11.94444444
960N2	960N2	CGGGACACCCGA	960	User	No Prune	Day 21	23	Asian	156	60.2	24.73701512	12	NoPeriod 	20	19	1.67	1	1.71	12	8.75	4.43	4.29	3	3.29	17.61111111	10.55555556
962P2	962P2	CATATAGCCCGA	962	User	Prune	Day 21	23	Black	162.56	58.3	22.0618117	12	30	20	19	4	3	1.43	10	0.39	3.57	2.42	3.14	5.29	23.66666667	39.77777778
963P2	963P2	GTACGATATGAC	963	User	Prune	Day 21	20	White	160.02	49.4	19.29205169	14	28	20	17	3	1	1.14	8	0.9	4.2	1.4	1	3.6	54.27777778	15.77777778
966N2	966N2	GATTATCGACGA	966	User	No Prune	Day 21	21	Hispanic	160.02	53.2	20.77605566	13	30	35	17	4	1	1.86	13	0.38	3.71	2.57	1.14	1.14	61.55555556	15.77777778
970P2	970P2	TTCCTTAGTAGT	970	User	Prune	Day 21	22	White	154.94	75.6	31.49159752	15	24	20	20	2.0833	1	1.14	8	1.29	2.89	1.71	1.42	1.43	18.5	9.944444444
971P2	971P2	GCAACGAACGAG	971	User	Prune	Day 21	20	Asian	160	49.2	19.22	13	27	20	18	2.0833	2	2	14	1.43	3.43	2.14	1.29	1	20.27777778	10.44444444
972P2	972P2	ATGGCTGTCAGT	972	User	Prune	Day 21	22	White	160	46.9	18.3203125	13	NoPeriod 	20	17	4	2	1.57	11	0.46	5.33	1	1	1	51.66666667	14.22222222
973P2	973P2	GATCCCACGTAC	973	User	Prune	Day 21	21	White	167.64	70.6	25.12	14	30	35	17	4	1	1.14	8	0.86	3.71	2.14	2	2.29	19.33333333	10.61111111
975N2	975N2	GTTGTTCTGGGA	975	User	No Prune	Day 21	20	Asian	157.48	54.8	22.09681839	14	22	20	19	0.83	1	1.29	9	0.29	4.5	2.5	1	1.67	63.55555556	16.72222222
978P2	978P2	TGATATCGTCTT	978	User	Prune	Day 21	18	White	160	54.01	21.09765625	13	63	30	16	3	2	3.43	24	1.75	3.43	2.29	1	2.57	67.83333333	20.22222222
979N2	979N2	TAGTATGCGCAA	979	User	No Prune	Day 21	NA	NA	NA	NA	NA	NA	NA	NA	NA	NA	NA	NA	NA	NA	NA	NA	NA	NA	NA	NA
981P2	981P2	CTGCTATTCCTC	981	User	Prune	Day 21	23	Asian	162.56	47.2	17.86136385	14	28	20	18	5.08	1	1.43	10	12	3.86	1	1	1	45.11111111	15.94444444
983N2	983N2	TACCGCTTCTTC	983	User	No Prune	Day 21	19	White	165.1	50.6	18.56335074	13	28	35	16	2.25	1	1.8	12	2.75	4.6	3	2.4	4.2	44.5	15
984N2	984N2	GTTCTCTTCTCG	984	User	No Prune	Day 21	19	White	166	54.06	19.61823196	14	NoPeriod 	30	16	2	unknown	2.14	15	4.75	5	3.14	1	3	44.05555556	14
985P2	985P2	CGTAAGATGCCT	985	User	Prune	Day 21	21	White	165.1	66.3	24.32	13	30	35	16	5	1	1.29	9	5	3.29	3	1.86	3.29	4	4.944444444
986N2	986N2	TTGGCTCTATTC	986	User	No Prune	Day 21	18	Hispanic	170	65.39	22.62629758	13	28	35	15	3	1	1.43	10	5.25	4	1.86	1.14	1.86	52.44444444	17
988P2	988P2	AAGAACTCATGA	988	User	Prune	Day 21	23	Hispanic	149.86	47.2	20.98	13	30	10	19	4	1	1.57	11	2.75	3.28	1.14	1	1.14	10.33333333	9.166666667
989N2	989N2	TGCGCTGAATGT	989	User	No Prune	Day 21	21	Black	167.6	62.3	22.17890078	13	28	20	18	3	1	1.14	8	5.5	4.14	1.57	1	1.14	43.05555556	15.5
990P2	990P2	AATGCGCGTATA	990	User	Prune	Day 21	20	White	155	51	21.22788762	15	28	30	15	6	1	1.14	8	4.5	2.43	2.79	1.71	2.64	12	7.777777778
Adrian	Adrian	GATGTTCGCTAG	NA	NA		NA	NA	NA	NA	NA	NA	NA	NA	NA	NA	NA	NA	NA	NA	NA	NA	NA	NA	NA	NA	NA
negative2	negative2	TATCGACACAAG	NA	NA		NA	NA	NA	NA	NA	NA	NA	NA	NA	NA	NA	NA	NA	NA	NA	NA	NA	NA	NA	NA	NA
negative4	negative4	TGACTAATGGCC	NA	NA		NA	NA	NA	NA	NA	NA	NA	NA	NA	NA	NA	NA	NA	NA	NA	NA	NA	NA	NA	NA	NA
ZymoE	ZymoE	CACGTTTATTCC	NA	NA		NA	NA	NA	NA	NA	NA	NA	NA	NA	NA	NA	NA	NA	NA	NA	NA	NA	NA	NA	NA	NA
ZymoPCR	ZymoPCR	AGCATGTCCCGT	NA	NA		NA	NA	NA	NA	NA	NA	NA	NA	NA	NA	NA	NA	NA	NA	NA	NA	NA	NA	NA	NA	NA