#OTU ID	984N2	948N2	954P	973P2	981P	985P	951N	962P	706C	970P2	947N2	952P2	971P2	948N	978P2	922C2	739N	921C2	950N2	742P	701C	702C	919C	980N	960N2	920C	960N	988P2	972P	923C	705C	929C2	947N	958P2	922C	953P	706C2	918C	742P2	702C2	950N	990P2	737P	926C2	927C2	735P2	741P	732N2	990P	970P	975N	967N	917C	958P	739N2	971P	983N2	743P	983N	957P2	928C	740P	985P2	988P	918C2	924C	929C	951N2	987P	949N2	923C2	963P	916C2	982N	972P2	701C2	949N	966N	963P2	979N2	955N2	926C	952P	925C2	924C2	732N	921C	705C2	956N	986N	736N	741P2	928C2	956N2	930C	989N	736N2	986N2	919C2	981P2	955N	925C	962P2	734N	957P	978P	737P2	744P2	975N2	927C	973P	744P	989N2	735P	954P2	953P2	916C	984N
d__Bacteria;p__Bacteroidota;c__Bacteroidia;o__Bacteroidales;f__Bacteroidaceae;g__Bacteroides	1501	685	1961	596	8058	1916	2402	1137	2783	3170	2088	2441	2482	1009	4111	2854	1651	862	445	1412	856	1866	3254	1014	5018	5488	1921	1413	2560	7985	577	1129	2578	2213	1201	5142	1406	1952	2850	665	2539	3704	3016	1428	702	2591	3139	2141	1131	3314	2691	1715	1261	1337	1363	4131	29	2953	7386	2693	1216	2932	2837	6474	2631	1418	2394	1002	1983	3796	6094	2820	14	125	5395	1489	1736	2885	2377	6638	1475	2136	3058	2042	950	2662	810	1930	1349	6604	2175	1848	1154	1668	1731	15819	658	5264	6597	3656	1509	1783	3101	2338	1900	8786	2155	25	1069	1976	1541	5239	1062	2493	439	3019	882	1316
d__Bacteria;p__Proteobacteria;c__Gammaproteobacteria;o__Burkholderiales;f__Sutterellaceae;g__Sutterella	370	44	102	57	2	0	10	46	428	2	62	86	55	54	886	15	0	9	4	62	1018	97	9	0	4	255	0	3	0	0	678	89	49	0	2	165	56	126	90	131	303	2	326	7	126	5	2	6	9	0	92	180	0	0	2	55	2	623	0	219	194	15	157	3	63	260	92	0	0	167	2	82	0	0	0	182	238	13	333	2	49	11	112	0	20	2	8	431	34	139	42	4	110	76	113	14	20	160	8	0	37	0	113	20	258	2066	707	0	51	365	286	2	0	0	56	58	45	40
d__Bacteria;p__Bacteroidota;c__Bacteroidia;o__Bacteroidales;f__Prevotellaceae;g__Paraprevotella	327	6	0	0	0	0	5	0	0	0	3	2	0	0	0	0	0	454	0	0	0	0	0	0	4	3	0	0	0	3	234	82	3	0	0	0	0	0	0	0	0	0	115	0	0	814	0	0	12	0	0	0	0	2	7	0	0	0	0	461	229	0	0	15	2	0	112	0	0	0	0	188	0	0	2	0	0	0	583	0	0	3	0	0	0	0	333	38	0	0	0	0	0	0	0	2	0	0	2	0	2	0	0	0	146	0	65	0	0	0	0	2	0	479	0	0	0	19
d__Bacteria;p__Firmicutes;c__Clostridia;o__Lachnospirales;f__Lachnospiraceae;g__Roseburia	447	24	11	22	2	4	6	88	17	8	189	7	4	133	0	245	16	39	2	9	22	19	103	13	6	2	0	2	2	3	22	748	44	0	45	223	61	0	31	11	8	165	760	13	366	23	20	276	448	27	7	5	0	0	48	0	0	60	1854	7	19	144	325	5	0	13	85	2	122	461	4	57	0	4	26	0	1381	26	16	9	120	27	234	2	25	15	8	64	82	18	20	124	69	76	0	5	29	58	6	4	13	0	18	87	3	0	345	0	56	24	17	1239	0	15	332	5	6	263
d__Bacteria;p__Firmicutes;c__Clostridia;o__Lachnospirales;f__Lachnospiraceae;g__Agathobacter	189	46	58	38	2	23	373	99	24	1373	172	5	111	195	435	479	10	416	3	29	142	77	317	0	4	76	2	131	208	292	72	5	957	257	31	81	398	41	365	302	35	0	12	34	38	181	89	24	21	91	2412	123	180	149	95	43	4	780	1322	61	251	24	0	46	173	0	79	471	238	0	326	265	2	14	276	0	0	570	66	251	0	1	233	1100	0	198	347	303	2	74	102	2125	351	4	303	35	75	0	407	0	12	41	860	453	55	885	38	0	984	107	88	250	0	0	101	8	23	11
d__Bacteria;p__Firmicutes;c__Clostridia;o__Oscillospirales;f__Ruminococcaceae;g__Faecalibacterium	320	94	1859	223	9	761	220	243	66	350	135	750	656	829	400	321	295	920	263	365	824	157	388	366	86	877	22	328	171	299	1261	394	127	686	166	513	282	1693	472	324	901	9	228	463	357	187	41	107	54	1541	543	1104	460	705	427	1260	4	272	3160	893	1820	356	545	475	796	1064	1074	224	506	347	505	242	0	62	737	690	504	548	1310	577	252	653	563	432	297	51	138	932	421	101	4	109	989	352	12	2081	7	470	1539	17	253	341	406	391	2392	809	349	0	139	1266	524	93	131	2779	312	709	1498	408
d__Bacteria;p__Firmicutes;c__Clostridia;o__Oscillospirales;f__Ruminococcaceae;g__Subdoligranulum	70	26	64	48	0	36	72	49	5	225	25	15	260	59	102	747	29	30	189	114	28	21	243	50	2	43	0	59	12	15	28	29	59	46	177	127	2	17	118	55	388	2	270	108	115	84	244	90	6	223	8	29	14	82	20	4	0	29	222	14	18	76	62	21	38	9	97	96	67	65	10	133	0	2	11	110	105	31	12	141	0	62	41	92	103	76	25	17	212	98	60	127	64	122	0	1413	37	164	642	0	2	9	146	11	39	91	345	0	23	37	97	67	26	1	95	99	0	33
d__Bacteria;p__Firmicutes;c__Clostridia;o__Oscillospirales;f__Butyricicoccaceae;g__Butyricicoccus	194	21	16	29	28	4	36	7	4	21	80	42	7	109	66	48	26	7	15	18	25	13	18	12	44	91	26	14	76	20	24	67	34	2	14	8	48	0	29	28	64	0	103	146	59	20	6	8	4	7	44	15	6	0	33	0	0	9	969	38	16	24	49	17	2	14	26	21	7	58	184	30	0	2	442	32	57	57	12	32	9	115	63	29	70	6	13	24	0	0	62	24	13	7	7	28	40	4	29	2	3	6	32	32	6	26	148	0	22	4	22	35	0	12	42	0	2	71
d__Bacteria;p__Proteobacteria;c__Alphaproteobacteria;o__Rhodospirillales;f__uncultured;g__uncultured	127	14	0	0	0	0	13	18	25	100	0	2	5	728	2	6302	0	2	0	43	4	0	9	3	2	0	2	5	2	0	0	2	9	0	1641	33	20	0	277	0	4	0	194	6	8	51	0	3	0	9	2	2	0	0	0	2	0	0	4	0	26	0	0	4	2	7	0	2	213	2	2	101	0	5	2	2	2	0	34	6	0	10	5	6	5	0	0	6	41	25	0	16	3	31	0	34	0	0	3	2	0	61	2	0	0	2	124	0	0	2	0	0	0	78	8	0	0	0
d__Bacteria;p__Firmicutes;c__Clostridia;o__Lachnospirales;f__Lachnospiraceae;g__Anaerostipes	85	11	22	43	75	16	30	33	3	133	62	142	132	21	78	48	10	13	36	25	46	20	35	27	24	33	27	91	26	58	3	64	338	18	5	67	132	3	74	19	104	93	43	67	45	44	20	44	57	5	43	31	11	8	29	2	0	22	236	12	14	20	59	56	18	4	74	21	13	59	165	43	2	0	217	73	74	19	48	62	60	20	95	5	114	6	20	37	42	101	24	135	28	11	16	16	32	109	28	4	167	0	216	31	4	98	55	0	43	11	11	66	0	0	109	30	0	111
d__Bacteria;p__Firmicutes;c__Clostridia;o__Lachnospirales;f__Lachnospiraceae;g__[Eubacterium]_hallii_group	94	0	28	11	28	19	96	27	7	47	78	36	6	31	67	42	13	24	93	43	10	14	48	45	82	65	34	42	39	106	2	41	78	2	4	18	127	1	26	36	72	24	49	63	43	57	51	0	11	5	85	111	0	0	20	0	0	35	209	5	4	57	55	54	35	12	51	40	14	48	94	61	0	14	184	11	84	7	17	39	0	106	13	13	49	0	7	7	48	38	0	94	27	45	14	9	8	92	60	0	0	0	82	49	0	114	124	0	35	5	12	0	0	0	44	47	0	48
d__Bacteria;p__Firmicutes;c__Clostridia;o__Monoglobales;f__Monoglobaceae;g__Monoglobus	73	0	28	14	0	29	12	10	17	49	53	142	19	144	0	70	38	15	28	21	0	8	137	19	0	30	2	75	18	8	4	58	56	26	14	39	184	6	19	9	121	22	342	75	155	36	14	30	12	22	20	4	4	86	23	0	0	7	93	12	12	56	50	68	0	2	40	21	11	71	19	25	0	0	359	0	322	25	73	73	0	49	170	45	25	14	18	8	10	2	23	18	26	7	4	4	18	60	15	0	0	0	44	175	10	2	323	0	9	10	10	13	0	10	24	193	0	7
d__Bacteria;p__Firmicutes;c__Clostridia;o__Lachnospirales;f__Lachnospiraceae;g__[Eubacterium]_xylanophilum_group	32	0	4	0	0	0	0	8	0	24	0	0	2	44	0	54	7	12	2	11	2	9	22	0	0	2	0	0	4	2	0	99	0	45	8	15	0	0	10	0	0	0	0	68	0	32	4	0	0	36	0	0	0	249	5	0	0	2	17	2	9	15	22	0	0	4	17	0	0	38	0	0	0	0	0	2	31	0	0	39	0	7	21	0	36	0	2	0	5	0	0	4	33	15	0	2	0	11	13	0	0	0	35	40	0	0	0	0	0	2	0	0	0	4	8	19	0	0
d__Bacteria;p__Firmicutes;c__Clostridia;o__Lachnospirales;f__Lachnospiraceae;g__Lachnospiraceae_ND3007_group	16	0	5	15	0	4	9	15	2	20	0	30	13	52	0	0	12	8	2	20	1	11	240	0	0	9	0	27	0	19	3	27	2	0	0	3	16	0	8	17	10	0	4	60	71	0	6	2	0	7	2	5	0	0	14	0	0	7	0	7	6	46	14	27	0	22	8	10	4	15	17	26	0	0	0	70	22	31	13	7	0	30	3	20	16	0	10	5	30	0	0	11	12	19	4	4	0	2	14	0	0	7	30	19	2	0	2	0	0	2	10	0	0	0	8	0	0	24
d__Bacteria;p__Firmicutes;c__Clostridia;o__Lachnospirales;f__Lachnospiraceae;g__CAG-56	72	0	7	18	0	0	0	20	6	4	28	33	2	1	2	2	4	0	7	60	2	4	0	0	2	0	0	0	0	0	0	0	72	0	0	25	35	0	167	10	68	0	0	27	10	2	0	0	0	5	0	2	17	0	35	0	0	0	49	2	3	33	15	0	0	16	5	0	0	32	0	0	0	0	0	0	38	42	0	0	0	14	0	0	11	0	3	0	22	0	0	0	12	21	0	0	0	0	0	0	0	0	42	0	6	0	0	0	0	6	6	0	0	0	20	13	0	122
d__Bacteria;p__Firmicutes;c__Clostridia;o__Lachnospirales;f__Lachnospiraceae;g__Blautia	63	17	31	51	122	41	173	31	9	162	73	64	2	21	26	61	39	32	44	52	0	8	4	113	277	30	123	80	27	35	12	20	100	5	14	59	871	18	64	70	292	19	15	38	77	7	37	9	8	6	73	28	17	5	64	0	0	21	55	13	30	44	49	86	25	34	45	39	2	44	73	91	0	202	250	85	33	176	21	6	19	45	58	46	112	0	48	31	84	22	44	30	19	27	5	147	49	54	51	218	69	8	52	91	5	19	18	0	19	7	11	46	15	6	276	75	0	71
d__Bacteria;p__Bacteroidota;c__Bacteroidia;o__Bacteroidales;f__Tannerellaceae;g__Parabacteroides	110	58	184	310	8	2	727	261	3322	209	86	100	576	752	177	546	149	188	119	313	20	71	322	93	160	387	114	65	404	191	154	147	263	791	389	24	1186	283	402	155	368	190	215	123	87	144	254	293	104	831	711	101	473	631	69	581	0	373	1011	64	418	0	145	172	280	142	689	246	222	153	49	189	0	7	561	2	53	84	328	81	199	155	183	474	142	280	142	588	127	883	752	234	520	105	79	51	397	664	632	2	256	62	546	361	215	555	303	0	145	833	392	227	0	923	118	10	570	47
d__Bacteria;p__Firmicutes;c__Clostridia;o__Lachnospirales;f__Lachnospiraceae;g__[Ruminococcus]_torques_group	30	6	40	14	1	24	2	18	6	18	13	56	9	53	11	13	5	7	17	16	9	4	207	7	0	16	0	13	94	90	35	26	65	20	5	10	195	5	16	10	47	7	24	10	35	13	46	127	13	10	17	31	4	10	2	0	0	5	122	10	18	34	33	6	44	8	50	0	8	26	63	42	0	9	188	8	26	39	15	30	0	19	56	32	30	30	17	54	12	17	2	18	6	26	9	40	2	61	323	0	0	46	38	50	0	89	11	0	10	35	17	4	2	7	80	0	0	165
d__Bacteria;p__Firmicutes;c__Clostridia;o__Lachnospirales;f__Lachnospiraceae;g__Lachnospiraceae_UCG-010	36	0	15	4	0	15	0	0	0	2	42	0	0	0	0	41	0	10	6	4	0	3	25	3	0	0	0	13	2	0	6	12	7	21	21	4	3	6	40	5	64	0	37	0	10	14	0	6	0	0	54	3	4	24	10	0	0	0	0	13	2	39	80	10	14	0	14	0	4	42	2	2	0	2	2	0	31	19	0	28	0	0	0	6	0	44	6	42	2	0	0	10	30	8	0	0	0	2	50	0	0	0	4	5	10	2	59	0	14	3	4	9	0	0	19	20	0	14
d__Bacteria;p__Firmicutes;c__Clostridia;o__Lachnospirales;f__Lachnospiraceae;g__[Eubacterium]_eligens_group	20	0	19	21	18	56	9	21	16	20	0	43	12	17	10	69	27	32	0	61	0	18	4	0	0	8	0	0	2	2	2	107	0	0	10	20	10	0	87	20	89	0	0	36	85	4	5	0	0	50	0	2	0	0	27	19	0	6	215	7	12	5	20	0	2	0	137	123	25	23	0	0	0	0	36	0	52	39	0	49	0	35	3	53	6	2	9	13	6	0	41	6	0	4	0	2	14	0	8	0	0	150	39	0	20	6	0	0	0	5	39	0	0	4	14	15	14	2
d__Bacteria;p__Firmicutes;c__Clostridia;o__Oscillospirales;f__Oscillospiraceae;g__UCG-003	71	7	88	2	2	16	10	28	0	8	16	17	29	0	2	214	34	24	63	8	2	19	40	9	2	53	0	6	0	0	223	15	5	34	39	0	0	72	39	28	17	0	0	45	15	0	2	0	0	16	24	0	7	79	26	7	0	0	0	55	70	41	9	68	22	6	60	7	4	17	0	20	0	0	0	0	20	56	20	27	0	18	74	0	7	0	8	196	3	0	0	0	107	7	0	222	0	0	135	0	0	0	32	10	71	0	0	0	15	38	17	0	12	2	19	0	0	16
d__Bacteria;p__Bacteroidota;c__Bacteroidia;o__Bacteroidales;f__Rikenellaceae;g__Alistipes	75	43	203	214	0	314	153	435	289	103	315	45	158	64	226	1224	61	141	237	46	19	75	178	514	59	30	67	8	145	8	127	136	83	99	497	178	308	182	132	71	538	74	47	669	28	800	1326	127	63	190	142	112	161	192	144	43	0	22	195	96	147	357	216	122	232	34	116	121	218	291	8	141	0	8	80	3	54	0	247	812	7	899	239	36	121	133	170	366	233	229	0	78	80	128	6	23	8	106	899	0	11	80	701	475	50	92	82	0	52	77	111	390	0	1240	52	71	157	29
d__Bacteria;p__Firmicutes;c__Clostridia;o__Lachnospirales;f__Lachnospiraceae;g__Lachnospiraceae_UCG-004	41	9	16	4	2	15	7	8	0	13	10	60	11	44	19	32	13	12	6	18	0	10	51	8	137	45	85	7	29	7	9	41	7	2	7	76	2	4	15	8	50	0	69	35	29	21	3	11	0	29	7	2	15	0	23	1	0	31	427	12	4	30	26	18	18	12	8	10	34	35	42	32	0	338	107	0	98	22	19	11	3	47	30	23	28	24	10	54	0	18	43	13	24	2	2	417	32	77	18	2	13	14	32	23	12	11	32	0	8	10	16	21	22	6	27	100	0	52
d__Bacteria;p__Firmicutes;c__Bacilli;o__Lactobacillales;f__Streptococcaceae;g__Streptococcus	39	12	8	7	51	10	290	27	0	7	7	9	11	17	18	27	6	4	9	53	54	6	52	9	16	14	84	11	16	13	12	15	39	14	0	16	96	0	98	18	34	12	285	15	23	29	4	10	21	4	31	14	4	6	45	8	0	10	577	2	7	51	47	10	38	37	11	0	2	43	26	233	0	11	9	25	31	14	7	33	12	26	80	5	311	0	6	18	67	2	4	8	0	11	0	73	12	6	5	30	83	6	24	95	2	49	4	0	39	12	3	30	41	0	33	18	2	40
d__Bacteria;p__Bacteroidota;c__Bacteroidia;o__Bacteroidales;f__Barnesiellaceae;g__Barnesiella	18	2	0	263	0	0	378	29	4	130	0	24	0	0	274	3	24	52	251	92	0	6	0	0	0	0	0	0	0	2	0	0	0	0	2	0	2	0	176	30	319	0	76	2	34	0	288	0	5	156	131	2	0	0	87	2	0	0	2	124	24	89	3	2	2	73	0	255	45	2	0	57	0	2	0	2	4	2	273	319	16	0	43	46	217	0	54	0	36	244	0	47	293	19	0	11	4	306	5	0	14	0	66	0	32	400	31	0	153	99	128	0	0	2	0	0	0	4
d__Bacteria;p__Firmicutes;c__Negativicutes;o__Acidaminococcales;f__Acidaminococcaceae;g__Phascolarctobacterium	49	7	0	24	0	0	115	111	37	0	74	0	55	0	89	85	2	12	0	16	7	25	45	30	36	0	56	100	0	49	0	79	298	0	6	0	311	31	30	32	0	29	0	0	33	93	5	0	5	0	0	1	0	0	0	78	0	0	119	61	207	87	0	45	35	0	89	106	0	0	50	207	0	0	0	0	2	0	133	0	0	0	0	0	3	0	12	0	2	0	75	54	56	7	5	0	26	0	50	0	0	0	66	29	240	630	0	0	0	270	98	0	0	31	0	0	0	11
d__Bacteria;p__Bacteroidota;c__Bacteroidia;o__Bacteroidales;f__Marinifilaceae;g__Butyricimonas	30	0	0	0	0	0	0	15	20	0	23	0	128	0	34	0	0	13	16	4	0	21	0	21	32	0	55	8	0	0	27	0	88	0	0	0	45	19	12	13	31	0	35	0	14	11	0	0	0	0	0	87	0	0	0	4	0	0	0	17	36	0	0	30	11	7	0	0	7	0	3	82	0	0	0	0	0	0	140	0	0	0	4	0	10	0	15	96	0	0	0	0	113	0	0	0	0	0	4	0	0	0	25	3	7	22	31	0	0	24	0	0	0	0	0	0	0	11
d__Bacteria;p__Firmicutes;c__Clostridia;o__Oscillospirales;f__Oscillospiraceae;g__Colidextribacter	30	0	8	2	0	7	4	0	36	6	13	0	8	12	7	14	5	0	7	10	0	2	2	2	0	4	0	3	4	0	18	2	9	9	7	2	12	20	5	3	2	12	11	5	2	13	46	3	6	18	16	72	4	11	5	0	0	5	60	7	2	4	58	9	11	2	7	0	0	43	0	7	0	0	4	0	17	5	12	62	2	3	0	2	12	39	0	38	0	5	9	15	9	6	8	9	4	4	27	0	34	0	0	8	5	46	3	0	5	3	10	9	0	2	0	5	0	16
d__Bacteria;p__Firmicutes;c__Clostridia;o__Lachnospirales;f__Lachnospiraceae;g__Dorea	46	6	32	57	0	7	12	16	0	31	30	140	34	31	201	110	16	13	41	33	7	8	38	2	0	77	0	54	9	92	20	41	60	0	7	41	292	13	46	8	136	0	73	11	90	53	39	20	0	4	156	17	11	0	28	4	0	20	346	23	31	33	35	15	12	14	38	20	26	54	76	105	0	0	11	46	65	46	44	38	42	14	36	50	55	16	27	38	51	40	32	52	37	26	28	3	19	95	70	2	101	5	161	13	12	179	280	0	129	4	12	20	0	4	66	50	2	68
d__Bacteria;p__Firmicutes;c__Clostridia;o__Lachnospirales;f__Lachnospiraceae;__	13	7	3	7	126	41	27	1	12	10	45	219	14	18	0	5	94	4	89	364	0	24	14	520	1	0	0	6	17	6	5	0	9	6	0	44	55	218	3	3	729	0	5	83	12	347	4	29	0	3	28	8	3	7	33	0	0	4	4	6	3	857	27	4	22	989	9	18	3	26	18	13	0	27	19	558	39	0	9	4	0	138	202	7	280	9	3	1	25	17	2	6	15	66	7	28	6	415	9	0	89	0	6	12	6	1	5	0	5	2	2	23	0	75	8	722	0	122
d__Bacteria;p__Firmicutes;c__Clostridia;o__Lachnospirales;f__Lachnospiraceae;g__Coprococcus	33	0	23	32	0	6	0	4	0	136	47	47	7	0	27	37	11	36	23	120	0	4	81	0	0	9	0	22	0	12	9	31	56	0	4	3	53	10	71	47	72	0	27	28	21	9	12	0	0	18	0	0	7	0	10	2	0	6	71	0	37	33	14	17	26	17	25	0	0	19	7	28	0	0	0	22	42	11	8	66	0	22	97	18	60	0	29	14	79	0	0	10	51	54	0	0	0	0	71	0	0	2	23	34	0	35	25	0	3	2	20	0	0	2	45	0	0	35
d__Bacteria;p__Firmicutes;c__Clostridia;o__Lachnospirales;f__Lachnospiraceae;g__[Ruminococcus]_gauvreauii_group	11	1	24	10	25	5	50	10	0	17	46	30	0	0	110	17	4	6	2	35	0	0	49	38	0	12	2	30	0	0	0	76	89	0	8	6	0	0	47	0	21	0	44	44	37	15	0	0	3	5	0	0	6	0	7	0	0	2	0	7	5	84	25	18	0	1	81	16	23	32	0	30	0	0	0	0	20	12	14	22	0	40	20	12	3	9	8	0	29	0	0	2	4	15	6	0	2	1	112	3	0	4	8	76	4	244	34	0	0	5	9	118	0	2	35	6	0	2
d__Bacteria;p__Firmicutes;c__Clostridia;o__Lachnospirales;f__Lachnospiraceae;g__uncultured	15	6	18	16	111	14	33	12	4	24	36	56	6	73	140	29	7	27	18	17	26	8	15	0	43	30	478	24	9	5	57	30	73	14	4	58	24	13	35	12	87	57	66	49	39	23	14	10	44	8	44	5	21	9	14	0	0	43	239	8	15	44	43	34	8	14	37	23	10	35	7	30	0	79	33	40	38	88	13	23	0	102	19	27	41	7	14	41	4	55	2	17	8	8	24	15	0	27	34	193	2	15	41	41	10	69	150	0	19	7	4	35	9	3	29	97	0	18
d__Bacteria;p__Firmicutes;c__Clostridia;o__Oscillospirales;f__Oscillospiraceae;g__NK4A214_group	10	0	3	42	0	12	0	9	0	20	0	12	0	0	0	46	10	4	0	4	0	10	0	0	0	0	0	0	0	0	0	2	4	6	12	0	0	0	4	11	8	0	2	0	5	3	61	0	0	19	0	0	0	52	21	0	0	0	0	2	10	8	0	0	0	9	7	0	0	0	0	16	0	0	2	0	0	0	4	6	0	0	0	0	13	0	0	0	12	0	0	15	10	4	0	0	0	0	0	0	0	0	23	15	0	0	0	0	0	5	9	0	0	6	19	0	0	3
d__Bacteria;p__Firmicutes;c__Clostridia;o__Lachnospirales;f__Lachnospiraceae;g__Lachnospiraceae_NK4A136_group	35	0	77	11	0	56	7	29	42	26	3	9	41	26	7	29	92	29	6	6	0	10	44	22	0	18	2	9	2	7	88	22	8	51	26	4	92	4	38	17	42	0	16	15	51	8	17	4	0	144	2	11	119	19	60	6	0	5	15	8	55	70	21	21	22	31	39	42	14	40	14	220	0	0	28	0	27	37	88	17	0	8	51	144	21	0	18	133	17	0	0	5	161	53	0	2	2	6	18	0	2	0	53	50	15	43	2	0	4	44	23	19	0	35	25	6	0	4
d__Bacteria;p__Desulfobacterota;c__Desulfovibrionia;o__Desulfovibrionales;f__Desulfovibrionaceae;g__Bilophila	6	7	14	15	62	0	41	0	0	46	25	3	17	0	46	39	9	4	34	30	0	14	22	6	2	48	0	10	5	38	42	8	14	0	16	0	56	9	14	5	61	14	34	0	7	58	41	0	11	8	34	37	2	0	6	0	0	56	21	20	9	43	31	6	11	7	34	7	0	40	4	70	0	0	23	2	13	0	31	16	0	0	11	0	10	0	6	47	5	0	0	19	10	0	10	3	0	4	30	47	0	0	3	3	27	55	13	0	11	8	15	17	2	5	14	0	0	7
d__Bacteria;p__Firmicutes;c__Clostridia;o__Christensenellales;f__Christensenellaceae;g__Christensenellaceae_R-7_group	11	6	17	9	0	11	2	17	81	4	0	0	0	4	0	17	105	61	235	399	0	27	19	0	0	0	4	2	0	0	2	8	0	97	18	0	2	2	1200	43	189	0	2	8	9	4	0	0	0	5	2	0	0	159	6	0	0	0	8	5	27	13	0	4	0	10	55	0	0	0	0	53	0	2	0	0	0	0	22	4	0	4	0	0	21	0	28	6	144	0	0	0	44	110	0	5	0	0	257	3	0	0	296	29	15	5	0	0	3	20	10	0	0	2	14	0	0	4
d__Bacteria;p__Proteobacteria;c__Gammaproteobacteria;o__Enterobacterales;f__Enterobacteriaceae;g__Escherichia-Shigella	24	4	2	12	29	7	9	10	0	201	0	2	0	14	3	104	6	17	0	0	0	5	11	7	33	0	26	4	9	97	2	6	5	0	7	2	29	6	5	8	2	0	2	0	8	12	3	30	2	10	0	24	0	0	0	0	0	33	26	0	8	42	4	12	35	0	0	0	0	2	5	7	0	79	5	0	7	0	0	0	0	0	0	4	2	0	11	3	5	0	57	207	0	0	0	167	7	0	10	10	0	0	5	0	0	13	2	0	8	0	0	3	28	2	6	9	0	50
d__Bacteria;p__Firmicutes;c__Clostridia;o__Oscillospirales;f__Oscillospiraceae;g__uncultured	18	7	10	12	25	11	17	10	27	28	24	3	10	5	0	42	5	11	15	5	0	0	13	13	12	6	2	4	14	0	3	5	32	4	15	7	87	0	17	16	15	4	4	21	12	25	16	5	2	22	38	6	4	10	10	0	0	4	30	2	7	21	26	12	8	10	15	11	10	27	0	18	0	3	12	0	14	0	35	9	4	13	11	9	17	9	10	4	10	23	22	12	24	4	13	111	11	11	41	5	23	7	23	32	5	4	4	0	13	3	25	18	0	2	27	4	4	6
d__Bacteria;p__Firmicutes;c__Clostridia;o__Lachnospirales;f__Lachnospiraceae;g__Lachnospira	21	5	30	5	244	69	7	52	0	41	136	112	25	131	299	199	33	4	20	13	63	39	0	46	0	0	2	30	13	23	0	2	77	49	14	40	0	21	16	18	189	0	324	37	4	45	17	117	0	30	17	3	24	18	33	7	0	30	9	9	19	27	56	34	16	3	0	0	28	87	197	20	2	2	99	261	154	0	2	98	2	75	48	33	85	0	28	0	32	0	209	88	8	10	2	193	37	27	25	219	4	0	189	24	15	32	133	0	12	4	14	37	22	17	25	46	6	7
d__Bacteria;p__Firmicutes;c__Clostridia;o__Lachnospirales;f__Lachnospiraceae;g__[Eubacterium]_ventriosum_group	8	0	4	11	0	6	0	21	0	5	13	15	11	0	26	25	5	8	10	7	2	27	3	5	0	8	0	12	0	23	2	9	8	0	8	19	2	6	6	11	15	0	15	4	18	0	4	0	0	2	13	19	10	0	15	6	0	0	77	4	7	15	4	0	15	2	23	0	0	7	2	11	0	0	0	0	10	5	4	54	0	0	5	0	0	0	4	0	10	14	6	6	0	8	15	28	2	42	13	0	8	0	35	6	0	50	71	0	11	22	10	12	3	0	9	15	0	28
d__Bacteria;p__Firmicutes;c__Clostridia;o__Lachnospirales;f__Lachnospiraceae;g__Lachnospiraceae_FCS020_group	18	0	24	0	0	10	0	8	0	6	4	6	2	0	8	0	2	8	0	19	3	2	10	0	0	3	0	4	0	0	2	6	8	0	0	0	0	0	21	2	11	0	0	4	20	12	4	0	0	0	0	0	8	0	10	0	0	6	51	0	7	8	0	2	0	3	6	0	3	21	0	0	0	0	0	0	22	5	0	6	0	7	4	0	11	0	0	4	6	0	0	7	5	3	5	0	0	0	10	0	0	0	17	0	0	3	0	0	0	0	3	0	0	0	20	0	0	5
d__Bacteria;p__Bacteroidota;c__Bacteroidia;o__Bacteroidales;f__Marinifilaceae;g__Odoribacter	17	7	213	45	0	0	41	42	0	130	51	13	0	0	54	384	25	17	18	46	4	24	135	52	0	0	0	16	69	0	0	10	57	0	120	0	0	0	129	48	125	15	4	0	56	31	129	71	8	81	196	59	16	0	29	0	0	2	4	56	33	49	38	118	0	31	19	27	28	100	2	45	0	0	84	0	14	0	37	0	3	0	39	0	45	150	17	11	44	0	100	53	81	46	0	10	14	0	118	0	6	8	63	50	48	212	0	0	34	137	63	168	0	6	58	0	0	6
d__Bacteria;p__Firmicutes;c__Clostridia;o__Lachnospirales;f__Lachnospiraceae;g__Lachnoclostridium	20	24	17	37	192	18	129	8	17	50	79	102	63	53	316	23	17	28	19	47	8	43	108	51	97	146	138	35	32	106	106	108	132	32	15	69	244	10	18	42	88	96	130	60	49	50	72	109	43	6	115	21	18	18	20	3	0	53	308	23	25	64	49	48	62	17	72	18	19	56	178	83	0	616	111	23	120	102	18	129	127	112	47	38	59	40	12	76	15	6	77	193	18	11	20	545	29	8	75	82	67	255	42	78	11	230	196	0	54	10	30	94	27	5	50	40	0	26
d__Bacteria;p__Proteobacteria;c__Gammaproteobacteria;o__Enterobacterales;f__Pasteurellaceae;g__Haemophilus	10	8	7	0	0	0	3	9	0	0	2	10	10	6	2	15	4	42	0	5	15	0	39	0	0	4	0	0	2	6	0	0	8	0	2	0	0	14	0	0	0	3	263	4	0	0	0	4	13	0	2	2	0	0	5	74	0	0	80	0	2	5	11	0	22	10	2	2	0	7	53	21	0	7	0	7	11	4	6	2	260	7	45	14	0	0	3	2	2	0	2	4	0	7	0	12	6	2	0	0	10	0	2	4	0	5	10	0	0	3	0	0	6	3	8	4	4	37
d__Bacteria;p__Firmicutes;c__Bacilli;o__Erysipelotrichales;f__Erysipelotrichaceae;g__Holdemanella	7	0	0	0	0	0	0	0	0	0	0	45	0	0	0	0	0	0	0	0	0	0	0	0	0	0	0	0	0	0	0	0	0	0	0	0	0	0	0	0	0	0	0	0	0	0	0	0	0	0	0	0	18	0	0	0	0	0	0	0	0	0	0	0	0	0	0	0	0	0	0	0	0	0	0	0	0	0	0	0	0	0	36	0	0	0	0	0	0	0	0	0	0	0	0	0	0	0	0	0	0	0	0	0	0	0	0	0	0	0	0	0	0	0	0	0	0	15
d__Bacteria;p__Actinobacteriota;c__Coriobacteriia;o__Coriobacteriales;f__Coriobacteriaceae;g__Collinsella	16	0	51	11	0	0	15	4	0	31	22	17	20	2	0	6	8	0	44	34	0	9	0	21	0	10	0	18	9	0	126	19	87	0	0	80	0	0	26	12	103	0	34	0	12	30	2	0	0	9	39	14	5	0	0	4	0	14	0	19	4	10	0	31	0	5	18	18	0	0	0	38	0	0	22	3	2	19	10	0	0	0	9	0	58	0	0	167	25	0	0	2	11	11	11	108	0	0	0	0	0	0	26	0	3	0	29	0	5	17	14	0	68	0	80	13	0	13
d__Bacteria;p__Firmicutes;c__Clostridia;o__Oscillospirales;f__Oscillospiraceae;g__UCG-002	10	28	373	162	2	262	149	61	7	11	4	89	4	3	4	1636	172	178	269	52	2	125	161	74	0	2	0	7	11	2	415	215	8	30	213	9	5	26	62	103	689	0	2	81	74	189	2631	2	12	8	2	2	57	65	177	0	0	0	12	277	566	192	5	37	100	208	530	129	60	8	7	149	0	7	4	0	6	0	790	425	0	19	122	3	116	2	107	980	174	4	0	26	494	76	0	37	6	4	534	0	4	10	262	280	245	25	5	2	0	180	166	39	0	37	74	3	0	6
d__Bacteria;p__Bacteroidota;c__Bacteroidia;o__Bacteroidales;f__Prevotellaceae;g__Prevotella_9	10	83	1443	287	4	2	2298	28	59	0	4	4	0	5	4	182	5	0	48	2	40	19	6	2	4	8	2	0	51	7	1262	8	9	5	7	4	2	58	5	0	2279	10	7	38	3679	0	6	11	71	2	10	4	1496	0	0	3	0	2	39	900	2502	2	2	42	0	1192	33	2130	2	7	8	2694	9	79	5	5	2	0	8300	10	0	2	0	2	1898	14	0	2271	30	85	0	2	88	2	0	40	7	4	53	4	63	37	10	14	257	119	6	0	0	2585	1596	7	0	6	3278	6	3	0
d__Bacteria;p__Bacteroidota;c__Bacteroidia;o__Bacteroidales;f__Prevotellaceae;g__Prevotella	3	8	2	0	0	0	2	0	0	0	0	0	2	0	0	2	0	0	0	0	0	105	0	0	0	0	0	0	0	0	0	3047	2	0	0	23	4	2	0	79	0	2	0	0	0	0	10	0	0	0	0	2	2	0	13	0	0	2	2	0	19	0	0	0	2	0	193	0	0	0	0	4	0	5	0	0	0	0	0	0	0	0	0	0	2	0	2	0	0	0	0	3138	0	4	0	2	13	0	0	0	0	0	0	0	0	0	0	0	32	2	0	0	0	0	0	0	0	0
d__Bacteria;p__Firmicutes;c__Clostridia;o__Oscillospirales;f__Ruminococcaceae;g__[Eubacterium]_siraeum_group	3	3	4	49	0	2	0	172	64	0	0	2	45	28	0	1392	0	61	11	30	0	32	88	69	0	0	0	0	12	2	0	2	0	96	135	3	153	0	67	9	59	238	6	81	4	0	146	2	15	0	0	0	0	148	0	7	0	0	0	0	67	20	0	0	2	0	0	0	167	0	2	12	0	0	124	0	0	0	46	2	0	40	2	0	3	0	105	0	4	4	0	5	2	4	0	2	2	0	8	0	0	0	54	95	0	0	4	0	0	4	59	2	0	0	4	0	0	0
d__Bacteria;p__Firmicutes;c__Bacilli;o__Erysipelotrichales;f__Erysipelatoclostridiaceae;g__Erysipelotrichaceae_UCG-003	12	8	45	8	0	105	59	14	0	163	0	127	166	6	73	8	0	10	20	25	38	8	1	0	0	84	0	0	5	45	16	125	2	37	0	17	0	0	27	20	138	0	85	9	51	11	4	0	0	6	43	0	14	266	4	20	0	0	356	8	7	19	45	12	0	14	109	57	20	52	305	25	0	0	253	115	88	3	31	31	0	15	68	135	57	2	8	43	22	50	0	0	2	36	10	3	0	28	10	2	0	102	114	54	6	133	44	0	19	16	7	33	0	8	102	47	0	6
d__Bacteria;p__Verrucomicrobiota;c__Verrucomicrobiae;o__Verrucomicrobiales;f__Akkermansiaceae;g__Akkermansia	3	0	2	591	0	0	3	7	4	83	0	0	1	19	2	1033	19	0	8	2	0	0	2	34	0	0	0	0	2	2	0	0	0	30	106	0	0	0	7	0	2	10	23	0	0	143	21	0	0	95	0	0	0	19	50	0	0	0	0	0	24	312	0	8	0	0	0	0	26	0	0	0	0	0	0	0	0	0	10	0	0	0	0	2	0	0	0	0	9	0	0	5	46	0	0	3	0	0	0	2	4	0	0	27	0	0	48	0	0	0	38	0	0	203	5	0	0	0
d__Bacteria;p__Firmicutes;c__Clostridia;o__Lachnospirales;f__Lachnospiraceae;g__[Eubacterium]_ruminantium_group	3	5	63	128	2	0	0	4	0	0	0	0	2	0	0	7	0	0	4	0	0	30	0	2	0	0	0	0	0	2	183	133	3	0	2	0	0	0	0	6	139	0	2	0	175	0	0	0	2	0	0	0	0	0	0	0	0	0	0	0	28	0	0	5	0	5	83	0	0	0	0	5	0	0	0	0	0	0	60	0	0	0	0	0	4	0	0	673	0	0	0	0	24	2	2	2	0	0	2	0	2	0	2	0	2	0	0	0	0	33	128	0	0	0	176	0	0	0
d__Bacteria;p__Firmicutes;c__Clostridia;o__Lachnospirales;f__Lachnospiraceae;g__Lachnospiraceae_UCG-008	5	0	7	4	0	1	1	4	0	5	0	5	8	0	0	2	3	5	0	10	0	0	7	2	0	2	0	5	2	2	1	13	0	15	3	3	0	3	3	2	3	0	0	15	9	2	0	0	0	6	4	4	5	22	8	0	0	4	19	5	3	11	9	8	4	4	8	5	0	7	18	8	0	0	16	0	15	0	5	5	0	21	3	2	10	0	2	7	3	0	0	2	19	7	2	0	0	0	0	0	0	0	0	0	4	0	0	0	3	2	0	0	0	0	16	7	0	2
d__Bacteria;p__Actinobacteriota;c__Coriobacteriia;o__Coriobacteriales;f__Coriobacteriales_Incertae_Sedis;g__uncultured	3	0	2	0	0	0	0	0	0	74	0	77	0	0	0	7	8	2	0	10	0	0	0	19	0	0	2	0	0	0	19	7	0	0	0	0	9	0	2	0	13	2	0	0	0	16	24	0	0	0	0	29	0	0	15	0	0	0	0	0	9	9	0	0	0	0	10	0	4	0	0	7	0	0	0	0	0	0	8	2	0	0	3	0	0	0	1	8	0	0	0	28	0	0	0	31	0	0	0	0	8	0	52	1	0	0	0	0	0	0	0	0	0	5	103	0	0	2
d__Bacteria;p__Firmicutes;c__Clostridia;o__Oscillospirales;f__Oscillospiraceae;g__UCG-005	3	0	20	16	0	4	3	19	13	20	4	2	0	0	0	1002	32	28	51	26	0	15	38	0	0	0	0	0	2	2	117	11	3	5	329	4	10	0	31	12	44	0	0	0	0	16	31	0	0	49	0	0	22	26	23	0	0	0	2	0	58	48	0	0	0	34	24	0	0	0	0	17	0	0	2	0	5	0	56	5	2	0	0	0	13	0	22	69	229	0	0	5	59	71	0	3	2	0	52	2	0	0	34	25	3	8	0	0	2	25	14	0	0	44	4	0	0	0
d__Bacteria;p__Firmicutes;c__Clostridia;o__Peptostreptococcales-Tissierellales;f__Peptostreptococcaceae;g__Romboutsia	8	11	19	30	321	4	157	40	0	4	22	0	5	90	8	85	20	32	81	11	0	11	0	5	6	26	7	4	0	438	0	34	10	0	4	39	117	2	8	0	93	0	149	4	0	14	35	28	0	2	19	2	2	0	2	4	0	7	324	0	25	11	69	0	19	13	22	18	9	79	59	26	0	0	3	6	13	0	13	0	3	104	115	4	5	2	22	4	64	0	22	170	2	78	36	287	32	32	6	4	12	0	81	2	5	6	7	0	17	88	7	4	38	4	11	8	8	206
d__Bacteria;p__Firmicutes;c__Clostridia;o__Oscillospirales;f__Oscillospiraceae;g__Oscillibacter	2	0	10	12	0	32	34	0	140	14	7	10	25	13	23	53	10	6	12	3	0	7	5	12	27	4	15	7	10	10	42	14	20	6	17	57	30	32	19	12	18	19	16	7	0	30	31	41	11	11	27	32	2	17	3	5	0	49	10	11	8	19	17	9	6	12	25	16	11	15	2	24	0	0	42	0	4	0	48	21	8	26	6	13	10	158	8	86	2	122	27	12	20	0	35	91	8	27	14	0	7	0	4	13	10	37	24	0	12	4	34	27	5	20	9	24	4	2
d__Bacteria;p__Firmicutes;c__Clostridia;o__Oscillospirales;f__Ruminococcaceae;g__Ruminococcus	2	4	20	0	0	192	0	53	8	19	0	0	0	2	0	189	28	21	65	20	0	57	1	21	0	0	0	7	4	4	0	149	2	20	16	26	23	0	13	26	144	2	2	148	4	735	83	0	0	49	0	7	9	21	89	0	0	0	117	8	19	65	19	59	0	34	104	0	36	14	16	9	0	0	0	0	19	0	2	39	2	45	0	0	76	0	7	0	147	4	0	49	20	122	0	7	6	56	13	0	0	0	48	31	6	8	0	0	0	4	0	0	0	47	26	11	0	0
d__Bacteria;p__Firmicutes;c__Bacilli;o__Lactobacillales;f__Lactobacillaceae;g__Limosilactobacillus	2	7	0	0	0	0	4	2	0	2	3	0	0	2	3	9	0	0	0	0	0	0	2	0	0	0	0	2	0	0	2	0	6	0	2	5	0	5	0	0	2	0	0	0	0	0	0	0	0	0	3	0	0	0	0	0	0	0	5	0	0	20	0	0	2	2	0	0	0	0	3	4	0	0	0	2	0	0	0	0	0	0	0	0	0	0	0	0	0	0	0	2	0	0	0	2	2	2	0	0	0	0	0	2	0	2	2	2	0	0	0	0	0	0	0	2	0	3
d__Bacteria;p__Proteobacteria;c__Gammaproteobacteria;o__Enterobacterales;f__Enterobacteriaceae;__	2	0	0	0	0	0	2	0	0	1	0	2	2	0	0	0	0	0	0	2	0	0	2	2	2	0	0	0	0	0	0	0	0	0	0	0	2	6	0	0	2	0	1	0	0	0	0	0	0	0	0	0	0	0	0	0	0	0	0	0	0	17	2	0	0	0	0	0	0	0	0	1	0	0	0	3	0	0	0	2	0	0	0	0	0	2	0	0	0	0	0	1	0	0	0	3	0	0	0	0	0	0	0	0	0	0	0	0	0	0	0	0	0	0	0	4	0	0
d__Bacteria;p__Actinobacteriota;c__Coriobacteriia;o__Coriobacteriales;f__Eggerthellaceae;g__uncultured	2	0	0	0	0	0	0	0	0	0	0	0	0	0	0	0	0	0	0	0	0	0	0	0	0	0	0	0	0	0	0	0	0	0	0	0	0	0	0	0	0	0	0	0	0	0	0	0	0	0	0	0	0	0	0	0	0	0	0	8	0	0	0	0	0	0	0	0	0	0	0	0	0	0	0	0	0	0	0	0	0	0	0	0	0	0	0	0	0	0	0	0	0	0	0	0	0	0	0	0	0	0	0	0	0	0	0	0	0	0	0	0	0	0	0	0	0	0
d__Bacteria;p__Firmicutes;c__Bacilli;o__Bacillales;f__Bacillaceae;g__Bacillus	2	6	0	0	0	0	0	0	0	0	0	0	0	0	0	0	0	0	0	0	0	0	0	0	0	0	0	0	0	2	0	8	2	0	0	2	0	10	0	0	0	0	2	0	0	4	0	0	0	2	0	0	0	0	0	0	0	0	2	2	2	5	0	0	0	0	0	0	0	0	0	6	0	0	0	0	0	0	0	0	0	0	2	2	0	0	0	0	0	0	0	0	0	0	0	3	0	0	2	0	0	2	0	0	0	0	0	0	0	0	0	0	0	0	0	4	0	0
d__Bacteria;p__Firmicutes;c__Clostridia;o__Oscillospirales;f__UCG-010;g__UCG-010	2	0	0	0	0	0	0	11	0	0	0	0	0	0	0	24	0	3	2	0	0	0	0	0	0	0	0	0	0	0	0	0	0	0	9	0	0	0	2	0	13	0	0	0	0	0	0	0	0	0	0	0	0	0	2	0	0	0	0	0	2	0	0	0	0	0	2	0	0	0	0	0	0	0	0	0	0	0	5	0	0	0	0	0	0	0	0	0	8	0	0	0	0	0	0	0	0	0	0	0	0	0	8	0	0	0	0	0	0	2	0	0	0	11	0	0	0	0
d__Bacteria;p__Firmicutes;c__Clostridia;o__Oscillospirales;f__Ruminococcaceae;g__uncultured	4	0	12	4	0	4	6	77	15	3	0	4	17	0	0	58	7	52	385	8	2	2	0	5	0	2	0	2	4	13	5	6	0	10	11	0	21	6	11	3	578	0	5	0	0	32	49	8	0	4	9	2	4	13	11	4	0	8	8	0	53	22	7	0	0	11	10	0	0	6	11	0	0	2	18	0	20	6	10	15	0	0	20	24	8	15	92	11	5	18	7	8	191	10	9	19	2	4	16	0	0	0	227	106	8	2	4	0	4	2	16	9	2	10	6	0	0	0
d__Bacteria;p__Firmicutes;c__Clostridia;o__Oscillospirales;f__Oscillospiraceae;g__Flavonifractor	2	0	12	10	291	19	28	0	25	5	14	10	12	11	27	32	4	5	0	7	0	0	11	9	23	9	19	0	18	14	13	4	23	2	19	19	34	11	15	7	0	9	11	2	0	15	15	35	4	17	35	37	9	11	4	0	0	35	30	5	2	7	20	0	10	7	12	12	2	18	12	4	0	0	17	0	16	11	4	21	1	0	9	5	2	212	0	14	2	139	31	7	4	3	26	56	8	41	34	93	8	9	4	5	3	88	11	0	11	0	19	10	14	23	0	8	7	0
d__Bacteria;p__Firmicutes;c__Clostridia;o__Lachnospirales;f__Lachnospiraceae;g__Tyzzerella	0	13	0	10	33	0	28	0	9	148	2	0	0	0	223	2	0	5	0	0	68	22	0	57	75	63	56	0	0	11	2	0	2	0	0	62	204	4	0	41	0	370	5	0	0	0	8	21	36	6	10	148	0	4	0	0	0	0	3	0	4	0	0	0	20	0	3	13	2	0	0	54	0	43	0	0	7	0	15	2	55	0	0	0	0	0	5	0	0	10	19	16	2	0	6	18	11	2	0	102	61	0	0	92	0	16	130	0	12	0	0	41	8	0	0	123	0	0
d__Bacteria;p__Actinobacteriota;c__Actinobacteria;o__Bifidobacteriales;f__Bifidobacteriaceae;g__Bifidobacterium	0	19	19	0	0	0	47	110	2	85	45	74	650	86	574	284	44	56	69	24	81	49	0	44	0	72	0	0	14	108	21	96	206	3	48	52	4	4	50	137	235	132	57	18	44	56	89	194	67	43	411	69	0	0	8	4	0	61	185	12	20	36	17	0	33	21	36	22	21	19	157	82	0	164	69	163	21	29	41	24	0	14	23	2	326	36	22	6	52	98	0	107	45	28	115	7	0	108	0	5	0	3	865	0	12	102	50	0	211	20	2	28	0	8	28	247	2	9
d__Bacteria;p__Firmicutes;c__Clostridia;o__Oscillospirales;f__Ruminococcaceae;g__CAG-352	0	10	13	98	0	90	2	241	83	50	0	8	234	194	0	18	58	30	43	26	0	38	91	34	2	0	0	0	0	0	0	151	4	95	16	95	460	8	36	60	104	27	9	0	17	148	122	8	69	30	44	0	0	92	66	30	0	45	4	0	63	82	0	0	0	2	274	0	2	0	0	6	0	2	5	0	0	0	3	107	0	0	53	3	5	115	143	2	88	9	0	98	11	96	57	4	2	0	263	2	0	5	680	248	0	9	0	0	46	11	16	95	0	1	24	89	34	0
d__Bacteria;p__Firmicutes;c__Bacilli;o__Lactobacillales;f__Enterococcaceae;g__Enterococcus	0	10	2	2	0	0	0	0	0	0	189	0	0	0	3	0	0	0	0	0	0	3	0	0	1	5	0	0	0	0	0	2	0	0	0	0	4	4	0	0	0	0	40	0	0	0	2	0	0	0	0	2	0	0	0	0	0	0	0	0	13	5	0	0	3	0	0	2	0	0	0	8	0	0	0	0	0	0	0	0	0	24	42	0	0	0	3	0	2	0	0	0	0	0	4	2	0	2	0	0	0	0	0	0	0	0	0	0	0	0	0	0	0	0	0	5	0	0
d__Bacteria;p__Firmicutes;c__Negativicutes;o__Veillonellales-Selenomonadales;f__Veillonellaceae;g__Dialister	0	10	314	2	0	25	2	0	0	21	0	4	35	42	0	45	10	16	8	7	0	0	0	5	2	82	0	0	10	0	150	2	0	9	7	147	0	0	12	0	83	0	34	17	73	0	0	0	0	32	47	4	12	0	13	12	0	113	0	177	19	2	172	0	0	83	0	0	19	60	0	2	0	41	70	10	83	21	0	35	33	15	107	17	630	4	17	88	24	17	0	0	0	19	0	0	0	20	2	0	296	0	4	0	42	0	79	0	43	7	0	44	0	0	582	23	12	0
d__Bacteria;p__Proteobacteria;c__Gammaproteobacteria;o__Burkholderiales;f__Sutterellaceae;g__Parasutterella	0	9	113	3	0	0	197	0	12	71	0	0	2	2	7	269	33	32	8	4	2	8	0	45	0	11	0	24	75	134	8	0	0	0	81	1	15	9	15	5	20	324	0	0	4	41	173	44	74	228	10	0	16	0	40	0	0	0	107	7	15	0	2	37	0	0	5	136	13	3	85	12	0	4	117	2	0	16	8	0	0	0	0	21	0	58	17	4	6	9	0	160	2	7	0	6	0	2	5	2	0	91	5	11	13	8	0	0	7	4	8	2	0	27	30	0	0	0
d__Bacteria;p__Firmicutes;c__Clostridia;o__Lachnospirales;f__Lachnospiraceae;g__[Ruminococcus]_gnavus_group	0	8	0	4	29	0	10	0	9	0	2	0	40	15	2	2	0	0	0	0	22	0	0	2	160	7	218	2	0	53	15	2	2	4	0	12	20	5	0	4	0	28	12	2	0	5	3	114	15	0	26	0	0	12	0	21	0	6	27	2	0	0	0	2	13	0	2	8	4	0	28	3	0	86	0	30	2	4	0	16	31	3	0	68	0	11	0	0	0	4	21	5	0	2	12	70	18	3	0	90	104	43	1	4	0	7	11	0	7	0	0	2	7	0	0	4	3	0
d__Bacteria;p__Firmicutes;c__Clostridia;__;__;__	0	7	0	0	0	0	0	2	0	0	0	19	36	0	1	2	3	0	0	0	1011	0	0	0	0	0	1	0	0	51	119	0	23	0	0	8	0	24	2	0	2	0	0	1913	0	0	2	27	8	20	6	0	0	0	0	0	0	0	0	0	30	4	0	0	0	0	380	4	0	0	2	1	22	0	0	0	38	14	0	2	0	0	4117	0	2	0	0	0	0	32	0	0	0	52	0	0	0	0	0	0	33	1577	0	0	37	243957	0	0	0	0	0	72	0	0	0	0	27	0
d__Bacteria;p__Bacteroidota;c__Bacteroidia;o__Bacteroidales;f__Dysgonomonadaceae;g__Dysgonomonas	0	4	0	0	0	0	0	0	0	0	0	0	0	0	0	0	0	0	0	0	0	0	0	0	0	0	0	0	0	0	0	0	0	2	0	0	0	0	0	0	0	0	0	0	0	0	0	0	0	0	0	0	0	0	0	0	0	0	0	0	0	0	0	0	0	0	5	0	0	0	0	8	0	402	0	0	0	0	0	2	0	0	0	0	0	0	0	0	0	0	0	0	0	0	0	0	0	0	0	0	0	0	0	0	0	0	0	0	0	0	0	0	0	0	0	0	0	0
d__Bacteria;p__Verrucomicrobiota;c__Lentisphaeria;o__Victivallales;f__Victivallaceae;g__Victivallis	0	0	66	0	0	0	56	24	0	0	0	0	0	0	0	0	4	22	0	16	0	0	0	0	0	0	2	0	0	2	0	0	3	0	0	0	0	0	54	0	0	0	0	0	0	0	0	0	0	0	0	0	0	0	9	0	0	0	0	0	5	0	0	2	0	11	0	10	0	0	0	17	0	0	0	0	0	0	26	0	0	0	0	0	21	0	4	0	0	0	0	0	0	0	0	2	0	0	0	0	0	0	11	4	0	0	0	0	0	50	0	0	0	0	10	0	0	0
d__Bacteria;p__Firmicutes;c__Clostridia;o__Oscillospirales;f__Ruminococcaceae;g__Negativibacillus	0	0	11	4	0	19	0	0	0	6	0	0	0	0	0	56	0	4	11	0	0	0	0	2	0	0	0	0	0	0	0	2	0	0	21	0	0	0	0	0	6	0	0	5	0	43	18	3	0	0	18	0	0	7	2	0	0	0	0	0	2	2	26	0	0	3	0	0	0	20	0	0	0	0	0	0	0	0	0	0	0	0	0	0	0	0	0	0	15	2	0	0	2	8	0	0	0	0	0	0	0	0	0	2	0	0	0	0	5	0	4	0	0	0	4	0	0	0
d__Bacteria;p__Firmicutes;c__Clostridia;o__Lachnospirales;f__Lachnospiraceae;g__Lachnospiraceae_UCG-001	0	0	16	13	0	0	0	25	0	13	1	0	0	68	0	26	21	4	0	111	0	0	0	16	0	0	0	0	0	0	0	0	0	0	28	32	0	1	65	0	9	0	167	7	33	4	3	0	0	6	0	0	0	0	16	0	0	0	0	2	4	0	3	0	7	1	0	0	1	0	0	66	0	0	0	0	11	10	13	0	0	10	0	23	2	2	0	0	1	0	0	0	2	9	0	2	0	0	1	2	0	0	183	0	2	0	13	0	0	0	13	0	0	5	8	13	0	0
d__Bacteria;p__Firmicutes;c__Clostridia;o__Oscillospirales;f__[Eubacterium]_coprostanoligenes_group;g__[Eubacterium]_coprostanoligenes_group	0	0	14	7	3	12	0	81	14	27	0	12	11	0	0	823	2	60	200	55	0	51	5	54	0	0	0	10	0	3	4	13	0	10	368	5	77	0	12	43	475	0	81	9	39	33	52	10	4	27	19	11	14	5	13	2	0	0	4	0	8	100	14	7	0	18	37	0	6	10	0	25	0	0	0	0	31	0	452	0	0	28	32	7	8	0	9	16	50	0	0	18	2	19	0	8	0	2	46	0	0	0	336	83	8	4	11	0	2	20	11	2	0	4	14	0	0	0
d__Bacteria;p__Firmicutes;c__Clostridia;o__Peptococcales;f__Peptococcaceae;g__uncultured	0	0	18	0	0	0	0	0	0	0	0	0	0	7	0	0	0	0	0	0	0	0	0	0	0	0	0	0	0	0	0	0	0	5	0	0	0	0	0	0	0	0	0	0	0	0	0	0	0	0	0	0	0	0	5	0	0	0	0	0	0	0	0	0	0	0	0	0	0	0	0	0	0	0	0	0	0	0	0	0	0	0	0	0	0	0	0	0	0	0	0	0	0	2	0	0	0	0	0	0	0	0	0	0	0	0	0	0	0	0	0	0	0	0	3	0	0	0
d__Bacteria;p__Firmicutes;c__Clostridia;o__Oscillospirales;f__Oscillospiraceae;__	0	0	6	2	0	5	7	0	7	2	20	5	0	0	0	28	5	0	7	19	0	0	16	2	0	0	0	4	0	0	2	3	11	0	11	0	86	0	17	11	48	6	0	13	11	25	6	17	0	5	11	16	3	3	10	0	0	6	0	7	2	13	4	16	0	2	2	2	0	6	0	20	0	0	0	0	0	0	9	5	4	3	6	3	2	2	0	6	4	7	2	5	3	0	0	80	0	0	42	0	9	5	0	8	0	0	0	0	3	0	5	13	0	3	8	0	0	3
d__Bacteria;p__Firmicutes;c__Bacilli;o__Erysipelotrichales;f__Erysipelatoclostridiaceae;g__Erysipelatoclostridium	0	0	7	0	12	6	0	0	24	2	4	0	8	8	0	2	0	0	0	12	0	0	2	6	46	0	22	4	3	4	0	0	41	0	0	3	92	2	14	0	2	3	0	4	0	3	0	9	6	4	0	15	0	0	0	10	0	4	7	0	0	3	3	0	11	6	13	0	0	9	6	2	0	360	9	3	4	0	2	0	114	0	0	15	0	7	0	0	2	2	0	2	0	0	0	8	8	0	10	61	44	45	0	2	4	7	0	0	0	0	0	0	0	0	5	3	0	0
d__Bacteria;p__Firmicutes;c__Clostridia;o__Oscillospirales;f__Ruminococcaceae;g__Incertae_Sedis	0	0	10	7	2	64	335	7	0	15	29	20	10	14	0	28	7	20	5	46	0	3	67	15	9	0	5	39	0	11	2	8	5	0	17	2	56	4	22	4	38	9	2	14	3	8	122	11	5	4	7	59	4	2	3	0	0	153	5	5	4	24	10	32	14	15	14	4	5	7	15	11	0	0	4	0	6	10	8	10	0	13	2	4	8	31	3	17	28	0	3	33	0	20	19	379	3	0	14	15	0	4	22	170	11	5	6	0	19	39	6	2	8	0	30	2	6	0
d__Bacteria;p__Firmicutes;c__Clostridia;o__Clostridia_vadinBB60_group;f__Clostridia_vadinBB60_group;g__Clostridia_vadinBB60_group	0	0	11	0	0	93	6	43	0	6	0	0	10	0	0	1329	2	9	27	5	0	0	5	2	0	0	0	0	0	0	0	4	2	4	225	0	2	0	12	2	125	7	0	0	0	4	55	0	0	4	0	2	3	15	0	0	0	0	2	2	0	10	0	0	0	2	0	0	0	4	0	0	0	3	0	0	0	0	8	2	0	0	5	0	11	0	0	2	0	0	0	7	34	0	0	0	0	0	0	2	0	0	44	42	5	0	0	0	0	0	0	0	0	4	2	3	0	0
d__Bacteria;p__Actinobacteriota;c__Coriobacteriia;o__Coriobacteriales;f__Eggerthellaceae;g__Adlercreutzia	0	0	8	7	0	10	2	0	0	20	6	0	0	0	2	0	3	2	6	9	0	4	26	15	0	0	0	7	0	0	7	2	4	0	0	8	27	0	9	6	9	0	5	39	4	9	16	0	0	3	9	0	21	0	14	0	0	0	3	4	0	14	0	9	0	2	6	4	2	0	0	2	0	0	0	0	0	5	6	6	0	24	3	4	0	0	0	7	0	0	0	17	0	0	0	0	0	0	39	0	0	0	13	2	0	0	3	0	0	0	6	0	0	0	20	20	0	0
d__Bacteria;p__Firmicutes;c__Negativicutes;o__Veillonellales-Selenomonadales;f__Veillonellaceae;g__Megasphaera	0	0	5	0	0	0	0	0	0	0	0	0	87	0	0	0	0	0	0	0	0	0	0	0	0	0	0	0	0	0	23	0	0	0	0	0	0	0	0	0	0	0	0	0	0	0	0	0	0	0	0	32	0	0	0	4	0	0	0	0	0	0	0	0	0	15	0	0	0	0	0	0	0	0	0	0	0	0	0	0	0	0	0	0	128	0	0	0	0	0	0	0	0	0	0	2	0	0	0	0	0	0	0	0	0	0	0	0	0	0	0	0	0	0	12	0	0	0
d__Bacteria;p__Firmicutes;c__Clostridia;o__Peptostreptococcales-Tissierellales;f__Peptostreptococcaceae;g__Intestinibacter	0	0	3	5	3	7	12	2	0	5	21	4	7	47	33	115	10	7	0	14	0	0	153	2	2	5	0	0	10	17	0	2	4	0	11	3	4	2	9	0	0	0	10	6	0	29	2	11	0	0	2	4	0	0	0	0	0	11	16	0	4	0	4	0	16	0	2	5	2	2	7	5	0	194	28	17	4	0	0	2	0	16	7	0	4	0	4	0	13	5	24	7	0	54	2	21	6	33	21	0	0	0	0	2	0	11	0	0	0	0	2	0	2	3	4	3	0	0
d__Bacteria;p__Firmicutes;c__Clostridia;o__Oscillospirales;f__Ruminococcaceae;__	0	0	4	0	0	10	0	3	120	4	0	0	18	0	0	2	0	3	2	0	2	0	0	0	0	2	0	0	0	0	2	4	0	2	17	0	5	0	8	0	4	0	0	0	3	7	50	0	2	8	2	0	0	0	0	2	0	0	0	0	2	2	2	0	0	0	6	0	0	2	0	0	0	0	0	0	0	0	1	6	0	0	0	2	0	0	2	2	4	3	0	0	2	6	0	0	0	0	2	0	2	4	1	14	0	0	0	0	0	0	0	2	0	4	3	0	0	0
d__Bacteria;p__Firmicutes;c__uncultured;o__uncultured;f__uncultured;g__uncultured	0	0	5	0	0	0	0	0	0	0	0	0	0	0	0	27	0	0	0	0	0	0	0	0	0	0	0	0	0	0	0	0	0	0	0	0	0	0	0	0	3	0	0	0	0	0	16	0	0	0	0	0	0	2	0	0	0	0	0	0	0	0	0	0	0	0	0	0	0	0	0	0	0	0	0	0	0	0	2	0	0	0	0	0	2	0	0	0	0	0	0	0	0	0	0	0	0	0	2	0	0	0	3	0	0	0	0	0	0	0	0	0	0	0	0	0	0	0
d__Bacteria;p__Firmicutes;c__Clostridia;o__Clostridiales;f__Clostridiaceae;g__Clostridium_sensu_stricto_1	0	0	4	5	0	0	0	13	0	0	0	0	2	0	0	18	4	5	7	4	7	0	22	0	0	0	0	0	0	33	0	0	0	0	3	4	0	3	0	0	0	0	2	15	2	11	5	0	0	0	0	0	0	0	5	0	0	0	32	0	2	0	0	0	0	0	0	0	0	0	18	5	0	19	0	7	0	0	0	0	0	11	0	6	0	0	0	2	25	0	5	4	0	47	0	7	0	7	6	0	0	0	3	0	0	0	3	0	5	0	0	0	0	0	0	0	0	0
d__Bacteria;p__Proteobacteria;c__Gammaproteobacteria;o__Enterobacterales;f__Enterobacteriaceae;g__Klebsiella	0	0	2	0	0	0	0	0	0	0	148	0	2	0	0	0	0	3	0	0	0	0	0	0	0	1	0	0	2	0	2	0	862	0	0	0	0	0	2	0	0	0	4	0	0	0	5	0	0	0	0	0	0	0	0	0	0	0	4	0	6	0	0	0	0	0	2	0	0	0	3	0	0	6	0	0	0	0	0	0	0	0	0	0	0	0	3	0	0	0	0	0	0	4	0	0	0	0	0	0	0	0	2	0	0	0	12	0	0	0	0	0	0	0	0	0	0	0
d__Bacteria;p__Firmicutes;c__Clostridia;o__Oscillospirales;f__Ruminococcaceae;g__Phocea	0	0	2	0	0	0	0	0	0	2	0	0	0	0	0	0	0	0	0	0	0	0	0	0	0	0	0	0	0	0	0	0	0	0	0	0	0	0	0	0	2	0	0	0	0	2	2	0	0	0	0	0	0	0	2	0	0	0	0	0	0	0	0	0	0	2	0	0	0	0	0	2	0	0	2	0	0	0	0	0	0	0	0	0	0	0	0	0	0	0	0	0	0	0	0	2	0	0	0	0	0	0	0	0	0	0	0	0	0	0	0	0	0	0	0	0	0	0
d__Bacteria;p__Firmicutes;c__Incertae_Sedis;o__DTU014;f__DTU014;g__DTU014	0	0	4	0	0	3	0	3	36	0	0	0	0	0	0	0	0	0	2	4	0	0	0	0	0	0	0	0	0	0	0	0	0	2	0	0	2	0	17	0	5	0	0	0	0	0	1	0	0	0	0	0	0	1	0	0	0	0	0	0	7	0	0	0	0	0	0	0	0	0	0	0	0	0	0	0	0	0	5	2	0	0	0	0	0	0	0	0	0	0	0	0	9	0	0	0	0	0	0	0	0	0	0	5	0	0	0	0	0	0	0	0	0	2	0	0	0	0
d__Bacteria;p__Firmicutes;c__Clostridia;o__Oscillospirales;f__Butyricicoccaceae;g__UCG-009	0	0	2	4	0	2	0	0	0	0	0	0	0	0	0	7	2	0	1	4	0	7	0	0	0	0	0	0	0	0	0	4	0	0	2	0	0	0	0	0	10	0	0	0	0	0	0	0	0	0	0	0	0	0	5	0	0	0	0	0	0	8	0	0	0	0	7	0	0	5	0	0	0	0	0	0	2	0	0	4	0	0	0	0	2	0	2	0	2	0	0	0	3	0	0	0	0	0	0	0	0	0	5	0	0	0	0	0	0	0	0	0	0	0	0	0	0	0
d__Bacteria;p__Firmicutes;c__Bacilli;o__Erysipelotrichales;f__Erysipelotrichaceae;g__Turicibacter	0	0	2	0	11	0	0	8	7	0	0	0	4	25	0	6	4	0	2	8	30	0	11	0	0	2	2	0	0	10	6	19	7	0	0	21	12	0	8	0	0	9	31	2	4	10	4	18	17	0	1	0	4	0	7	181	0	4	16	0	4	2	5	2	6	0	7	0	2	4	102	19	0	3	0	28	15	0	0	0	20	6	3	39	4	0	2	0	13	2	4	4	0	9	0	52	0	10	15	0	0	3	0	2	7	5	15	0	10	0	2	0	2	8	5	0	4	21
d__Bacteria;p__Firmicutes;c__Clostridia;o__Oscillospirales;f__Oscillospiraceae;g__Intestinimonas	0	0	2	4	16	77	0	2	5	2	3	0	14	42	0	59	0	0	2	0	0	3	3	4	0	2	0	0	7	0	5	2	0	16	5	0	5	0	2	3	0	1	4	3	0	2	10	0	0	0	0	2	0	25	0	0	0	5	0	0	0	2	5	0	0	2	5	0	0	4	0	0	0	184	5	0	0	0	2	10	0	0	0	0	0	0	0	11	0	0	0	0	2	0	0	9	0	0	8	2	2	0	7	16	0	0	0	0	0	2	8	2	0	0	0	3	0	0
d__Bacteria;p__Firmicutes;c__Clostridia;o__Lachnospirales;f__Lachnospiraceae;g__GCA-900066575	0	0	2	0	0	2	2	0	0	0	4	0	0	2	0	12	0	0	2	0	0	0	0	3	0	0	0	2	0	0	0	0	0	0	5	0	4	0	0	0	3	5	0	5	6	2	0	0	0	0	0	4	0	0	2	0	0	0	0	2	7	0	0	2	0	0	0	8	0	0	0	3	0	0	0	0	0	6	0	2	0	4	0	0	4	0	0	9	0	0	0	0	15	7	0	0	0	0	9	0	0	0	2	0	1	0	0	0	0	0	0	0	0	0	2	0	0	0
d__Bacteria;p__Firmicutes;c__Clostridia;o__Oscillospirales;f__Ruminococcaceae;g__UBA1819	0	0	0	6	83	6	2	0	43	5	4	0	2	0	0	185	0	2	4	12	0	0	0	6	7	2	0	0	0	0	4	0	31	6	16	0	21	2	12	0	7	0	2	0	0	3	19	10	0	2	7	25	0	7	0	0	0	2	2	9	0	4	2	5	2	0	3	0	2	0	0	3	0	0	5	0	0	0	3	5	7	0	2	0	3	4	0	10	0	0	2	6	2	2	5	11	0	0	6	153	5	0	0	5	12	5	4	0	0	0	0	0	0	7	0	0	0	2
d__Bacteria;p__Firmicutes;c__Bacilli;o__Erysipelotrichales;f__Erysipelotrichaceae;g__Holdemania	0	0	0	4	26	0	0	0	0	0	0	0	0	0	2	0	0	2	0	0	0	0	0	0	0	0	0	0	0	0	0	0	4	0	0	0	7	0	0	0	2	5	0	2	0	0	0	2	0	0	0	0	0	3	0	0	0	0	0	0	0	0	4	0	4	0	0	0	0	2	0	2	0	0	0	0	0	0	0	0	0	0	0	6	0	4	0	4	2	4	0	0	2	0	2	0	0	3	0	9	0	2	0	0	2	8	0	0	0	0	3	0	0	0	4	0	0	0
d__Bacteria;p__Actinobacteriota;c__Coriobacteriia;o__Coriobacteriales;f__Eggerthellaceae;g__Eggerthella	0	0	0	14	0	6	0	0	0	2	0	9	13	0	2	4	0	0	0	0	4	9	0	0	9	0	2	0	4	8	4	0	0	0	0	0	10	0	0	0	0	10	2	4	0	0	0	9	0	0	3	32	0	0	0	0	0	0	14	0	0	0	2	2	4	0	2	3	0	4	5	0	0	17	34	0	6	0	0	3	6	4	0	3	0	6	0	0	0	3	4	0	0	0	0	17	5	8	10	2	6	4	0	5	0	2	17	0	0	0	0	6	2	0	0	17	0	0
d__Bacteria;p__Firmicutes;c__Clostridia;o__Lachnospirales;f__Lachnospiraceae;g__Hungatella	0	0	0	3	15	0	0	0	2	0	0	0	5	4	0	5	0	0	0	0	0	0	0	5	4	0	24	0	0	0	0	0	9	2	2	2	0	3	5	2	2	3	0	0	0	2	2	6	0	0	0	5	0	3	0	0	0	2	0	0	0	2	0	0	6	0	7	0	0	0	0	0	0	850	3	0	0	0	0	0	8	0	0	0	0	2	0	0	0	0	9	4	0	0	0	67	0	0	10	14	3	4	1	0	0	0	0	0	0	0	2	0	0	0	0	0	0	0
d__Bacteria;p__Firmicutes;c__Clostridia;o__Peptostreptococcales-Tissierellales;f__Anaerovoracaceae;g__Family_XIII_UCG-001	0	0	0	5	0	0	4	0	0	4	0	0	2	0	0	4	0	0	2	3	0	3	4	3	0	0	0	0	2	0	0	0	0	0	6	0	9	0	5	4	1	0	0	0	0	0	0	0	0	0	2	0	0	0	0	0	0	0	4	0	0	3	0	0	0	0	0	2	0	0	0	11	0	0	4	0	0	0	0	0	0	0	2	0	4	0	0	0	9	0	0	0	0	3	0	0	0	0	6	0	0	0	0	4	0	0	0	0	0	0	4	0	0	0	0	0	0	0
d__Bacteria;p__Firmicutes;c__Clostridia;o__Lachnospirales;f__Lachnospiraceae;g__[Eubacterium]_fissicatena_group	0	0	0	2	0	0	0	0	0	0	0	0	0	0	0	6	0	0	0	0	0	0	0	2	0	0	0	0	0	0	0	0	0	0	0	0	0	0	0	0	0	0	0	0	0	0	0	0	0	0	2	0	0	2	0	0	0	0	0	0	0	0	2	0	0	0	8	0	0	0	0	0	0	0	0	0	0	0	0	0	0	0	0	0	0	2	0	4	10	0	0	0	0	0	0	0	0	0	0	0	0	0	6	0	0	0	0	0	0	0	0	0	0	0	0	0	0	0
d__Bacteria;p__Firmicutes;c__Bacilli;o__Erysipelotrichales;f__Erysipelotrichaceae;g__[Clostridium]_innocuum_group	0	0	0	2	4	0	0	0	0	0	0	0	0	4	4	0	0	0	0	3	0	0	5	0	4	0	2	0	0	3	0	2	7	0	0	0	5	0	0	0	3	0	0	0	2	0	0	8	0	0	0	3	0	0	0	0	0	0	0	0	0	0	0	0	0	0	6	0	0	0	2	0	0	254	5	0	0	0	0	0	0	0	0	0	0	3	0	2	0	0	2	7	0	0	0	0	0	0	0	0	2	6	0	2	0	7	0	0	0	0	0	0	0	0	0	0	0	0
d__Bacteria;p__Firmicutes;c__Clostridia;o__Oscillospirales;f__Oscillospiraceae;g__Pseudoflavonifractor	0	0	0	0	341	12	0	0	0	0	0	0	0	9	0	0	2	0	3	0	0	0	0	0	0	0	0	0	0	0	0	0	0	0	0	0	0	0	0	0	0	0	0	0	0	0	2	0	0	0	2	0	0	6	0	0	0	0	0	0	0	0	0	0	0	0	0	0	0	4	0	0	0	0	0	0	0	0	0	2	0	0	0	0	3	0	0	0	0	0	0	0	0	0	0	0	0	2	0	126	0	0	0	2	0	0	0	0	0	0	8	0	0	0	0	0	0	0
d__Bacteria;p__Firmicutes;c__Clostridia;o__Clostridia_UCG-014;f__Clostridia_UCG-014;g__Clostridia_UCG-014	0	0	0	0	320	0	0	11	2	0	0	0	0	8	0	0	0	15	135	7	0	10	13	5	0	0	0	0	0	0	0	0	0	2	0	0	0	0	85	41	92	0	0	0	6	0	5	0	0	0	0	0	0	0	0	0	0	0	0	0	60	41	0	0	0	23	0	0	0	0	0	0	0	0	2	0	0	0	0	0	0	0	22	0	25	0	5	0	0	0	0	0	19	2	0	2	0	0	0	6	0	0	38	0	0	0	0	0	0	5	0	0	0	0	18	0	0	0
d__Bacteria;p__Firmicutes;c__Bacilli;o__Erysipelotrichales;f__Erysipelatoclostridiaceae;g__Candidatus_Stoquefichus	0	0	0	0	48	0	2	0	2	0	0	0	5	0	5	0	0	0	0	0	0	0	0	0	0	0	0	0	0	0	0	0	0	0	0	0	0	0	0	0	0	82	0	2	0	0	10	16	11	0	0	2	0	0	0	0	0	4	0	0	0	0	0	0	0	0	0	2	0	0	2	0	0	0	2	0	0	0	0	0	0	0	0	0	0	0	0	0	0	0	2	18	0	0	0	11	0	0	0	33	0	0	0	0	0	5	0	0	0	0	0	0	0	0	0	0	0	0
d__Bacteria;p__Firmicutes;c__Clostridia;o__Lachnospirales;f__Lachnospiraceae;g__Sellimonas	0	0	0	0	15	0	39	0	0	0	0	0	0	11	0	2	0	0	0	0	0	0	0	2	5	0	0	0	0	0	0	0	0	5	0	8	80	0	0	0	0	8	0	0	0	7	8	5	2	0	3	18	0	2	2	0	0	2	0	0	0	0	0	0	0	0	0	8	0	0	0	10	0	0	2	0	0	0	2	0	25	0	0	5	0	2	0	0	0	0	5	11	0	0	0	99	4	4	0	0	23	3	2	0	0	0	0	0	0	0	0	7	14	0	0	16	0	0
d__Bacteria;p__Firmicutes;c__Clostridia;o__Lachnospirales;f__Lachnospiraceae;g__Eisenbergiella	0	0	0	0	31	2	0	0	0	0	3	0	0	0	0	6	0	0	0	0	0	0	0	0	33	0	0	0	2	0	0	0	6	4	0	0	32	3	0	0	0	2	3	2	0	8	0	6	0	0	0	0	0	41	0	0	0	0	2	0	0	0	0	0	3	0	0	0	0	0	0	0	0	0	10	0	0	0	0	1	7	0	0	3	0	6	0	0	0	0	2	0	0	0	0	23	0	0	3	0	3	2	0	0	0	0	4	0	3	0	0	2	0	0	0	0	0	0
d__Bacteria;p__Firmicutes;c__Bacilli;o__Erysipelotrichales;f__Erysipelotrichaceae;g__Faecalitalea	0	0	0	0	13	0	0	0	0	0	0	0	0	0	0	0	0	0	0	0	0	0	0	0	0	0	0	0	0	0	0	0	0	2	0	0	20	0	0	0	0	8	0	0	0	0	0	30	0	0	0	0	0	2	0	0	0	2	0	0	0	2	4	0	0	3	0	0	0	0	0	0	0	0	0	0	2	0	0	0	4	0	0	0	0	7	0	0	0	0	8	5	0	0	0	5	4	0	3	19	0	0	0	0	0	0	0	0	0	0	0	0	0	0	0	0	0	0
d__Bacteria;p__Bacteroidota;c__Bacteroidia;o__Bacteroidales;f__Prevotellaceae;g__uncultured	0	0	0	0	2	0	0	0	0	0	0	0	0	0	0	0	0	0	0	0	0	0	0	0	0	0	0	0	0	0	53	0	0	0	0	0	0	0	0	0	0	0	0	0	0	0	0	0	0	0	0	0	0	0	0	0	0	0	0	0	0	0	0	0	0	0	0	0	0	0	0	0	0	0	0	0	0	0	0	0	0	0	0	0	0	0	0	172	0	0	0	0	0	0	0	0	0	0	0	0	0	0	0	0	0	0	0	0	0	0	0	0	0	0	0	0	0	0
d__Bacteria;p__Firmicutes;c__Clostridia;o__Peptostreptococcales-Tissierellales;f__Anaerovoracaceae;g__Family_XIII_AD3011_group	0	0	0	0	0	5	0	0	0	0	0	0	0	0	0	0	0	0	2	7	0	0	0	0	0	2	0	0	0	0	7	0	0	0	0	0	0	0	2	10	5	0	0	0	3	0	0	0	0	0	4	0	0	2	0	0	0	0	0	0	0	0	0	0	0	2	0	2	0	0	0	5	0	0	0	0	0	0	2	0	0	0	0	0	0	0	0	8	0	0	0	0	0	0	0	0	0	0	0	0	0	0	2	5	2	0	0	0	0	0	0	0	0	0	0	0	0	0
d__Bacteria;p__Firmicutes;c__Clostridia;o__Lachnospirales;f__Lachnospiraceae;g__Frisingicoccus	0	0	0	0	0	5	0	2	0	0	0	0	2	0	0	0	0	0	0	5	0	0	0	0	0	0	0	4	0	0	0	0	0	0	2	0	6	3	7	0	0	0	0	0	0	0	0	3	0	0	0	0	0	29	0	0	0	0	0	0	0	0	0	0	0	2	0	0	0	0	0	10	0	0	0	0	0	0	1	0	0	0	0	0	7	2	0	0	0	0	0	0	0	0	0	63	0	0	0	0	2	0	16	0	0	0	0	0	0	0	0	0	2	0	0	0	0	0
d__Bacteria;p__Firmicutes;c__Clostridia;o__Oscillospirales;f__Ruminococcaceae;g__DTU089	0	0	0	0	0	4	0	0	3	0	0	0	0	0	0	7	0	0	0	0	0	0	5	2	0	0	0	0	0	0	0	0	0	0	7	0	7	0	0	0	0	0	0	0	0	0	19	0	0	0	0	0	0	5	0	0	0	0	0	0	0	0	0	0	6	0	0	0	0	0	0	0	0	0	0	0	0	0	0	2	0	0	0	0	0	0	0	0	0	0	0	0	0	0	0	0	0	0	2	0	0	0	0	2	0	0	0	0	0	0	0	4	0	0	0	0	0	0
d__Bacteria;p__Firmicutes;c__Clostridia;o__Oscillospirales;f__Ruminococcaceae;g__Anaerotruncus	0	0	0	0	0	2	0	0	0	4	2	0	0	0	0	0	0	0	0	0	0	0	0	0	0	0	0	0	0	0	0	0	0	0	0	0	5	0	2	0	0	0	0	0	0	2	14	0	0	3	0	0	0	0	0	0	0	0	0	0	0	6	0	0	4	0	0	2	0	2	0	0	0	0	0	0	0	0	0	0	0	0	0	0	0	3	0	2	0	0	0	0	0	0	0	0	0	0	0	0	0	0	0	0	0	0	0	0	0	0	0	0	0	0	2	0	0	0
d__Bacteria;p__Bacteroidota;c__Bacteroidia;o__Bacteroidales;f__Barnesiellaceae;g__Coprobacter	0	0	0	0	0	0	12	0	0	0	0	0	0	0	7	0	0	0	0	0	0	0	21	0	0	0	0	0	0	0	0	0	0	0	0	0	0	0	0	0	3	0	0	0	0	0	0	0	2	0	0	0	21	0	0	0	0	0	0	0	0	0	0	0	0	0	0	9	38	0	0	0	0	0	0	0	0	0	0	0	0	0	0	0	0	0	0	0	0	0	0	0	0	2	0	0	0	0	16	0	0	0	0	0	0	23	0	0	0	0	0	0	0	0	0	0	0	0
d__Bacteria;p__Firmicutes;c__Clostridia;o__Lachnospirales;f__Lachnospiraceae;g__Moryella	0	0	0	0	0	0	3	0	0	0	0	0	0	0	0	0	0	0	0	0	0	0	3	15	0	0	0	0	9	0	0	0	0	0	0	0	0	0	0	0	0	0	0	0	0	0	0	17	0	0	0	0	0	0	0	0	0	0	0	0	0	0	0	0	0	0	0	0	0	0	0	0	0	0	5	0	0	0	0	0	0	0	0	0	0	0	0	0	0	0	0	0	0	0	0	0	0	0	2	0	0	0	0	0	0	0	0	0	0	0	0	0	0	0	0	3	0	0
d__Bacteria;p__Bacteroidota;c__Bacteroidia;o__Bacteroidales;f__Rikenellaceae;g__Rikenellaceae_RC9_gut_group	0	0	0	0	0	0	5	0	0	0	0	0	0	0	0	0	0	0	0	0	0	0	0	0	0	0	0	0	0	0	0	0	0	0	0	0	0	0	0	0	0	0	0	0	0	0	0	0	0	0	0	0	0	0	0	0	0	0	0	0	35	0	0	0	0	0	0	0	0	0	0	0	0	0	0	0	0	0	0	0	0	0	0	0	0	0	0	0	0	0	0	0	104	0	0	0	0	0	0	0	0	0	0	0	0	0	0	0	0	0	0	0	0	0	0	0	0	0
d__Bacteria;p__Firmicutes;c__Bacilli;o__Lactobacillales;f__Listeriaceae;g__Listeria	0	0	0	0	0	0	2	0	0	0	0	0	0	0	0	0	0	0	0	0	0	0	0	0	0	0	0	0	0	0	0	0	0	0	0	0	0	7	0	0	0	0	0	0	0	0	0	0	0	0	0	0	0	0	0	0	0	0	0	0	0	0	0	0	0	0	0	0	0	0	0	0	0	0	0	0	0	0	0	0	0	0	0	0	0	0	0	0	0	0	0	0	0	0	0	0	0	0	0	0	0	0	0	0	0	0	0	0	0	0	0	0	0	0	0	7	0	0
d__Bacteria;p__Bacteroidota;c__Bacteroidia;o__Bacteroidales;f__Prevotellaceae;g__Prevotella_7	0	0	0	0	0	0	0	114	0	0	0	187	0	0	0	0	0	112	4	0	0	0	0	0	0	0	0	0	0	0	45	0	0	0	0	0	2	0	0	0	13	0	0	0	0	0	0	0	0	0	0	0	0	0	0	0	0	0	0	0	10	0	0	0	0	0	0	0	0	0	0	0	0	0	0	0	0	0	0	0	0	0	201	0	0	0	31	25	0	0	0	0	0	0	0	0	0	0	0	0	0	0	31	0	0	0	0	0	0	0	0	0	0	0	0	0	0	0
d__Bacteria;p__Firmicutes;c__Bacilli;o__Izemoplasmatales;f__Izemoplasmatales;g__Izemoplasmatales	0	0	0	0	0	0	0	40	0	0	0	0	0	0	0	0	0	2	0	3	0	0	0	0	0	0	0	0	0	0	0	0	0	0	0	0	0	0	0	0	0	0	0	0	0	0	0	0	0	0	0	0	0	0	0	0	0	0	0	0	0	0	0	0	0	0	0	0	0	0	0	0	0	0	0	0	0	0	0	0	0	0	0	0	0	0	0	0	0	0	0	0	0	0	0	0	0	0	0	0	0	0	64	11	0	0	0	0	0	0	0	0	0	0	0	0	0	0
d__Bacteria;p__Verrucomicrobiota;c__Lentisphaeria;o__Victivallales;f__vadinBE97;g__vadinBE97	0	0	0	0	0	0	0	11	0	0	0	0	0	0	0	0	0	0	17	6	0	0	0	0	0	0	0	0	0	0	0	0	0	0	0	0	0	0	2	0	64	0	0	0	0	0	0	0	0	0	0	0	0	0	0	0	0	0	0	0	0	0	0	0	0	0	0	0	0	0	0	8	0	0	0	0	0	0	12	0	0	0	0	0	0	0	0	0	0	0	0	0	0	0	0	0	0	0	0	0	0	0	29	0	0	0	0	0	0	0	0	0	0	0	0	0	0	0
d__Archaea;p__Euryarchaeota;c__Methanobacteria;o__Methanobacteriales;f__Methanobacteriaceae;g__Methanobrevibacter	0	0	0	0	0	0	0	25	0	0	0	3	0	0	0	0	0	31	38	0	0	0	0	0	0	0	0	0	0	0	0	0	0	0	0	0	0	0	0	0	138	0	0	0	2	56	36	0	0	0	0	0	0	0	0	0	0	0	0	0	22	0	0	0	0	0	0	0	0	0	0	0	0	0	0	0	0	0	0	0	0	0	0	0	0	0	42	2	0	0	0	6	0	0	0	0	0	0	0	0	0	0	51	56	6	0	0	0	0	0	0	0	0	0	0	0	0	0
d__Bacteria;p__Desulfobacterota;c__Desulfovibrionia;o__Desulfovibrionales;f__Desulfovibrionaceae;g__Desulfovibrio	0	0	0	0	0	0	0	7	0	0	0	0	0	0	0	0	0	0	0	0	0	0	0	0	0	0	0	0	0	0	16	0	0	0	0	0	0	0	0	0	0	0	0	0	0	0	9	0	0	0	71	0	0	0	0	0	0	0	0	0	2	0	0	0	0	2	0	0	0	0	0	0	0	0	0	0	0	0	0	0	0	0	0	0	0	0	0	21	0	0	0	0	5	0	0	0	0	0	0	0	0	0	7	12	0	0	0	0	9	0	0	0	0	0	0	0	0	0
d__Bacteria;p__Firmicutes;c__Clostridia;o__Oscillospirales;f__Oscillospirales;g__Hydrogenoanaerobacterium	0	0	0	0	0	0	0	3	0	0	0	0	0	0	0	110	0	0	3	2	0	0	0	0	0	0	0	0	3	0	0	0	0	17	25	0	0	0	4	0	3	0	0	0	0	0	0	0	0	0	0	0	0	26	0	0	0	0	0	0	2	0	0	0	0	0	0	0	0	0	0	0	0	0	0	0	0	0	0	0	0	0	0	0	0	0	0	0	0	0	0	0	0	0	0	0	0	0	0	0	0	0	0	6	0	0	0	0	0	0	0	0	0	0	0	0	0	0
d__Bacteria;p__Firmicutes;__;__;__;__	0	0	0	0	0	0	0	3	4	0	0	0	36	0	0	3	0	0	0	0	881	0	0	0	0	0	5	0	2	18	222	0	21	0	0	3	0	12	0	0	0	0	0	1569	0	0	0	3	2	9	0	0	0	0	0	0	0	0	0	0	16	0	0	0	0	0	488	0	0	0	0	3	0	0	0	0	11	17	0	0	0	0	1282	0	0	0	0	0	0	14	0	0	0	78	2	0	0	0	0	0	44	1335	2	0	52	280217	4	0	0	0	0	95	0	0	0	0	10	0
d__Bacteria;p__Firmicutes;c__Clostridia;o__Oscillospirales;f__Ruminococcaceae;g__Angelakisella	0	0	0	0	0	0	0	2	0	0	0	0	0	0	0	0	0	0	0	6	0	0	2	0	0	0	0	0	0	0	0	0	0	0	0	0	14	0	6	0	0	0	0	0	0	4	0	0	0	0	0	0	4	0	0	0	0	0	0	0	0	0	0	0	0	0	0	0	0	0	0	0	0	0	0	0	0	0	0	0	0	0	0	0	3	0	0	0	0	0	0	0	0	0	0	0	0	0	0	0	0	0	2	5	0	0	0	0	0	0	0	0	0	0	0	0	0	0
d__Bacteria;p__Firmicutes;c__Negativicutes;o__Veillonellales-Selenomonadales;f__Veillonellaceae;g__Veillonella	0	0	0	0	0	0	0	3	0	3	19	13	0	6	0	35	0	4	0	0	2	0	6	0	2	5	2	2	0	10	0	0	0	0	0	0	3	8	0	0	0	0	16	0	0	0	0	6	0	7	0	0	0	0	4	17	0	0	86	0	7	2	6	0	4	2	0	0	0	2	4	0	0	20	0	3	2	6	0	3	2	0	18	1	2	0	0	0	5	0	0	0	0	10	0	13	0	0	0	0	9	0	0	0	2	5	0	0	6	0	0	0	7	0	0	0	0	3
d__Bacteria;p__Cyanobacteria;c__Vampirivibrionia;o__Gastranaerophilales;f__Gastranaerophilales;g__Gastranaerophilales	0	0	0	0	0	0	0	0	459	7	0	0	60	0	0	0	0	0	0	0	0	0	0	182	0	0	0	0	0	0	0	0	0	0	0	0	144	0	0	0	0	0	0	0	0	10	0	0	0	17	0	0	0	0	0	16	0	0	0	0	0	65	0	14	0	0	0	0	1433	0	0	0	0	0	0	0	0	0	0	2	0	0	0	0	0	0	0	0	0	0	0	3	0	0	0	0	0	0	0	0	0	0	0	0	0	0	0	0	0	0	4	0	0	157	0	0	0	0
d__Bacteria;p__Firmicutes;c__Clostridia;o__Oscillospirales;f__Hungateiclostridiaceae;g__Ruminiclostridium	0	0	0	0	0	0	0	0	9	0	0	0	0	0	0	0	0	0	9	0	0	0	0	0	0	0	0	0	0	0	0	0	0	0	0	0	0	0	7	0	0	0	0	0	0	0	0	0	0	0	0	0	0	0	0	0	0	0	0	0	0	0	0	0	0	0	17	0	0	0	0	0	0	0	0	0	0	0	0	0	0	0	0	0	0	0	0	0	0	0	0	0	0	0	0	0	0	0	0	0	0	0	0	0	0	0	0	0	0	0	0	0	0	0	0	0	0	0
d__Bacteria;p__Firmicutes;c__Clostridia;o__Christensenellales;f__Christensenellaceae;g__uncultured	0	0	0	0	0	0	0	0	0	3	0	0	0	0	0	0	0	0	3	0	0	0	0	0	0	0	0	0	0	0	0	0	0	0	0	0	0	0	0	0	0	0	0	0	0	0	0	0	0	5	0	0	0	0	0	0	0	0	0	0	0	0	0	0	0	0	0	0	0	0	0	0	0	0	0	0	0	0	0	0	0	0	0	0	0	0	0	0	0	0	0	0	0	0	0	0	0	0	0	0	0	0	0	0	0	0	0	0	0	0	0	0	0	0	0	0	0	0
d__Bacteria;p__Firmicutes;c__Bacilli;o__Lactobacillales;f__Streptococcaceae;g__Lactococcus	0	0	0	0	0	0	0	0	0	2	0	0	0	0	5	0	0	2	0	0	0	0	0	0	0	95	2	0	3	0	0	2	0	0	0	2	3	0	0	0	3	0	4	0	3	0	0	10	2	0	0	0	0	0	0	0	0	5	0	0	4	2	4	0	0	0	0	0	0	7	0	0	0	32	0	0	0	0	0	0	0	2	20	18	0	0	6	0	4	0	2	4	0	0	0	27	0	0	0	0	219	8	0	0	0	0	0	0	0	0	0	0	0	2	6	0	0	0
d__Bacteria;p__Bacteroidota;c__Bacteroidia;o__Bacteroidales;f__Muribaculaceae;g__Muribaculaceae	0	0	0	0	0	0	0	0	0	0	36	0	0	0	0	0	0	0	0	0	0	0	0	0	0	0	0	0	0	0	134	0	25	0	0	2	0	0	0	0	2	0	0	0	0	0	0	0	0	0	0	0	0	0	0	0	0	0	3	0	110	0	0	10	0	0	0	0	744	0	0	0	0	0	0	0	3	0	2	0	0	0	0	0	0	0	0	147	0	0	0	0	77	0	0	2	0	0	0	0	0	0	2	0	0	0	0	0	0	0	0	0	0	0	0	0	0	0
d__Bacteria;p__Firmicutes;c__Clostridia;o__Lachnospirales;f__Lachnospiraceae;g__Anaerosporobacter	0	0	0	0	0	0	0	0	0	0	0	3	0	0	0	0	0	0	0	0	0	0	0	0	0	0	0	0	0	0	0	0	0	0	0	0	0	14	0	0	0	0	0	0	0	0	0	0	0	2	0	0	0	0	0	0	0	0	5	0	0	0	0	0	6	0	0	0	0	0	0	0	0	72	0	0	0	0	0	0	0	0	0	0	0	0	0	0	0	0	8	0	0	0	0	0	0	7	0	0	0	0	0	0	0	0	0	0	0	0	0	0	0	0	0	0	0	0
d__Bacteria;p__Proteobacteria;c__Gammaproteobacteria;o__Enterobacterales;f__Enterobacteriaceae;g__Citrobacter	0	0	0	0	0	0	0	0	0	0	0	2	0	0	0	2	0	0	0	0	0	0	0	0	0	9	0	0	3	0	0	0	0	0	0	0	0	0	0	0	0	0	0	0	0	2	0	0	0	0	0	0	0	0	0	0	0	0	0	0	4	0	0	0	0	0	0	0	0	0	0	0	0	1	0	0	0	0	0	0	0	0	0	0	0	0	1	0	0	0	12	0	0	0	0	0	0	0	0	0	0	0	0	0	0	2	0	0	0	0	0	0	0	0	0	0	0	0
d__Bacteria;p__Firmicutes;c__Clostridia;o__Oscillospirales;f__Oscillospiraceae;g__Oscillospira	0	0	0	0	0	0	0	0	0	0	0	0	1	0	0	14	0	0	0	0	0	0	0	0	0	0	0	0	0	0	0	0	2	0	2	0	2	0	0	0	2	0	0	2	0	0	0	0	0	0	0	0	0	0	0	0	0	0	0	0	0	0	5	4	0	0	0	0	0	0	0	0	0	0	0	0	3	0	0	0	0	0	0	2	0	0	0	0	0	0	0	0	4	0	0	0	0	0	0	0	0	0	0	0	0	0	0	0	0	0	0	0	0	0	0	0	0	0
d__Bacteria;p__Firmicutes;c__Negativicutes;o__Acidaminococcales;f__Acidaminococcaceae;g__Acidaminococcus	0	0	0	0	0	0	0	0	0	0	0	0	0	17	0	0	0	0	0	0	0	0	0	37	74	0	80	0	0	0	0	0	2	0	0	0	0	0	0	0	0	0	17	0	0	0	0	0	0	0	19	0	0	0	0	0	0	42	0	0	0	0	0	0	0	3	0	0	0	0	0	0	0	0	0	0	0	0	0	0	0	0	0	0	27	0	0	0	4	0	0	0	0	4	27	0	0	0	0	0	0	0	0	0	0	0	57	0	25	0	0	0	0	0	0	0	0	0
d__Bacteria;p__Firmicutes;c__Clostridia;o__Peptococcales;f__Peptococcaceae;g__Peptococcus	0	0	0	0	0	0	0	0	0	0	0	0	0	0	0	23	0	0	0	3	0	0	3	0	0	0	0	0	0	0	0	0	0	0	3	0	0	0	0	2	0	0	0	0	0	0	0	0	0	0	0	0	0	0	0	0	0	0	0	3	0	0	0	0	0	3	0	0	3	0	0	0	0	0	0	0	0	0	0	0	0	0	0	0	0	0	0	0	0	0	0	0	0	0	0	0	0	0	0	0	0	0	24	0	0	0	0	0	0	0	0	0	0	13	2	0	0	0
d__Bacteria;p__Actinobacteriota;c__Coriobacteriia;o__Coriobacteriales;f__Eggerthellaceae;__	0	0	0	0	0	0	0	0	0	0	0	0	0	0	0	8	0	0	0	0	0	0	0	0	0	0	0	0	0	0	0	0	0	0	0	0	0	0	0	0	0	0	0	0	0	0	0	0	0	0	0	0	0	0	0	0	0	2	0	0	0	0	0	0	0	0	0	0	0	0	0	0	0	0	0	0	0	0	0	0	0	0	0	0	0	0	0	0	0	0	0	0	0	0	0	0	0	0	0	0	0	0	0	0	0	0	0	0	0	0	0	0	0	0	0	0	0	0
d__Bacteria;p__Proteobacteria;c__Gammaproteobacteria;o__Burkholderiales;f__Oxalobacteraceae;g__Oxalobacter	0	0	0	0	0	0	0	0	0	0	0	0	0	0	0	7	0	0	0	0	0	0	0	0	0	0	0	0	0	0	0	0	0	0	0	0	0	0	0	0	0	0	0	0	0	4	0	0	0	0	0	0	0	0	0	0	0	0	0	0	0	5	0	0	0	0	0	0	0	0	0	3	0	0	0	0	0	0	0	0	0	0	0	0	0	0	0	0	0	0	0	0	5	0	0	0	0	0	0	0	0	0	11	7	3	0	0	0	0	0	0	0	0	4	0	0	0	0
d__Bacteria;p__Firmicutes;c__Bacilli;o__Erysipelotrichales;f__Erysipelotrichaceae;g__Dielma	0	0	0	0	0	0	0	0	0	0	0	0	0	0	0	6	0	0	0	0	0	0	0	0	0	0	0	0	0	0	0	0	0	0	0	0	0	0	0	0	0	0	0	0	0	0	0	0	0	0	0	0	0	0	0	0	0	0	0	0	0	0	0	0	0	0	0	0	0	0	0	0	0	0	2	0	0	0	0	0	0	0	0	0	0	0	0	0	0	0	0	0	0	0	0	2	0	2	0	0	0	0	0	0	0	0	0	0	0	0	0	0	0	0	0	0	0	0
d__Bacteria;p__Proteobacteria;c__Gammaproteobacteria;o__Pseudomonadales;f__Pseudomonadaceae;g__Pseudomonas	0	0	0	0	0	0	0	0	0	0	0	0	0	0	0	2	0	0	0	0	0	0	0	0	0	0	0	0	0	0	0	0	0	0	0	0	0	0	0	0	0	0	0	0	0	0	0	0	0	0	0	0	0	0	0	0	0	0	0	0	0	0	0	0	0	0	0	0	0	0	0	0	0	0	0	0	0	0	0	0	0	0	0	0	0	0	0	0	0	0	0	0	0	0	0	0	0	0	0	0	0	0	0	0	0	0	0	0	0	2	0	0	0	0	0	0	0	0
d__Bacteria;p__Firmicutes;c__Clostridia;o__Lachnospirales;f__Defluviitaleaceae;g__Defluviitaleaceae_UCG-011	0	0	0	0	0	0	0	0	0	0	0	0	0	0	0	0	0	3	0	0	0	0	0	0	0	0	0	0	0	0	0	2	0	0	2	0	24	0	0	0	0	0	0	0	0	0	0	0	0	0	0	0	0	0	0	0	0	0	0	0	0	0	2	0	0	0	5	0	0	2	0	0	0	0	0	0	0	0	0	0	0	0	0	0	0	0	0	0	0	0	0	0	0	0	0	0	0	0	0	0	0	0	0	0	0	0	0	0	0	0	0	0	0	0	0	0	0	0
d__Bacteria;p__Bacteroidota;c__Bacteroidia;o__Bacteroidales;__;__	0	0	0	0	0	0	0	0	0	0	0	0	0	0	0	0	0	0	0	0	181	0	0	0	0	0	0	0	0	0	0	47	0	0	0	0	0	0	0	0	0	0	0	328	0	0	0	4	0	0	0	0	21	0	0	0	0	0	0	0	0	0	0	0	0	0	37	0	0	0	0	0	0	0	0	0	0	0	0	0	0	0	824	0	0	0	0	0	21	0	0	0	0	11	0	0	0	0	0	0	0	59	0	0	0	2	0	0	0	0	0	0	0	0	0	0	0	0
d__Bacteria;p__Firmicutes;c__Negativicutes;o__Veillonellales-Selenomonadales;f__Veillonellaceae;g__Allisonella	0	0	0	0	0	0	0	0	0	0	0	0	0	0	0	0	0	0	0	0	0	3	0	0	0	0	0	0	0	0	2	0	0	0	0	0	0	0	2	0	0	0	0	0	0	0	0	0	0	0	0	0	0	0	0	0	0	0	0	0	4	0	0	0	0	0	0	0	0	0	0	0	0	0	0	0	0	0	0	0	0	0	0	0	2	0	0	0	0	0	0	0	0	0	0	0	0	0	0	0	0	0	0	0	0	0	0	0	0	0	0	0	0	0	0	0	0	0
d__Bacteria;p__Fusobacteriota;c__Fusobacteriia;o__Fusobacteriales;f__Fusobacteriaceae;g__Fusobacterium	0	0	0	0	0	0	0	0	0	0	0	0	0	0	0	0	0	0	0	0	0	0	0	0	7	0	24	0	0	0	0	0	0	0	0	0	0	0	0	0	0	0	0	0	0	0	0	0	0	0	0	0	0	0	0	0	0	0	0	0	0	0	0	0	0	0	0	0	0	0	0	0	0	0	0	0	0	0	0	0	0	0	0	0	0	0	0	0	0	0	0	0	0	0	0	0	0	0	0	0	0	0	0	0	0	0	0	0	0	0	0	0	0	0	0	0	0	0
d__Bacteria;p__Firmicutes;c__Bacilli;o__Staphylococcales;f__Gemellaceae;g__Gemella	0	0	0	0	0	0	0	0	0	0	0	0	0	0	0	0	0	0	0	0	0	0	0	0	0	0	3	0	0	0	0	0	0	0	0	0	0	0	0	0	0	0	13	0	2	0	0	2	0	0	0	0	0	0	0	0	0	0	0	0	0	0	0	0	0	0	0	0	0	0	0	0	0	0	0	0	0	0	0	0	0	0	0	0	0	0	0	0	0	0	0	0	0	0	0	0	0	0	0	0	0	0	0	0	0	0	0	0	0	0	0	0	0	0	0	0	0	0
d__Bacteria;p__Bacteroidota;c__Bacteroidia;o__Bacteroidales;f__uncultured;g__uncultured	0	0	0	0	0	0	0	0	0	0	0	0	0	0	0	0	0	0	0	0	0	0	0	0	0	0	0	0	0	0	16	0	0	0	0	0	0	0	0	0	0	0	0	0	0	0	0	0	0	0	0	0	0	0	0	0	0	0	0	0	0	0	0	2	0	0	0	0	0	0	0	0	0	0	0	0	0	0	0	0	0	0	0	0	0	0	0	17	0	0	0	0	0	0	0	0	0	0	0	0	0	0	0	0	0	0	0	0	0	0	0	0	0	0	0	0	0	0
d__Bacteria;p__Firmicutes;c__Bacilli;o__Staphylococcales;f__Staphylococcaceae;g__Staphylococcus	0	0	0	0	0	0	0	0	0	0	0	0	0	0	0	0	0	0	0	0	0	0	0	0	0	0	0	0	0	0	0	2	0	0	0	0	0	10	0	0	0	0	0	0	0	0	0	0	0	0	2	0	0	0	0	0	0	0	0	0	0	0	0	0	0	0	0	0	0	0	0	0	0	0	0	0	0	0	0	0	0	0	0	0	0	0	0	0	0	0	0	0	0	0	0	1	0	0	0	0	2	0	0	0	0	0	0	0	0	0	0	0	0	0	0	6	0	0
d__Bacteria;p__Firmicutes;c__Clostridia;o__Oscillospirales;__;__	0	0	0	0	0	0	0	0	0	0	0	0	0	0	0	0	0	0	0	0	0	0	0	0	0	0	0	0	0	0	0	0	2	0	0	0	0	0	0	2	0	0	0	0	0	0	0	0	0	0	0	0	0	0	0	0	0	0	0	0	0	0	0	0	0	0	0	0	0	0	0	0	0	0	0	0	0	0	0	0	0	0	0	0	0	0	0	0	0	0	0	0	12	0	0	0	0	0	0	0	0	0	0	0	0	0	0	0	0	0	0	0	0	0	0	0	0	0
d__Bacteria;p__Firmicutes;c__Clostridia;o__Lachnospirales;f__Lachnospiraceae;g__UC5-1-2E3	0	0	0	0	0	0	0	0	0	0	0	0	0	0	0	0	0	0	0	0	0	0	0	0	0	0	0	0	0	0	0	0	0	4	0	0	8	0	0	0	0	0	0	0	0	0	0	0	0	0	0	0	0	2	0	0	0	0	0	0	0	0	4	0	0	0	0	0	0	0	0	0	0	0	0	0	0	0	0	0	0	0	0	0	0	0	0	0	0	0	0	0	0	0	0	0	0	0	0	0	0	3	0	0	0	0	0	0	0	0	0	0	0	0	2	0	0	0
d__Bacteria;p__Firmicutes;c__Bacilli;o__Lactobacillales;f__Lactobacillaceae;g__Weissella	0	0	0	0	0	0	0	0	0	0	0	0	0	0	0	0	0	0	0	0	0	0	0	0	0	0	0	0	0	0	0	0	0	0	0	0	2	0	0	0	0	0	0	0	0	0	0	0	0	0	0	0	0	0	0	0	0	29	0	0	0	0	0	0	0	0	0	0	0	0	0	0	0	0	0	0	0	0	0	0	0	0	0	0	0	0	2	0	0	0	0	0	0	0	0	0	0	0	0	0	0	0	0	0	0	0	0	0	0	0	0	0	0	0	0	0	0	0
d__Bacteria;p__Firmicutes;c__Clostridia;o__Peptostreptococcales-Tissierellales;f__Anaerovoracaceae;g__[Eubacterium]_brachy_group	0	0	0	0	0	0	0	0	0	0	0	0	0	0	0	0	0	0	0	0	0	0	0	0	0	0	0	0	0	0	0	0	0	0	0	0	0	0	0	2	0	0	0	0	0	0	0	0	0	0	0	2	0	0	0	0	0	2	0	0	0	0	0	0	1	0	0	0	0	0	0	0	0	0	0	0	2	0	0	2	0	0	0	0	0	0	0	0	8	0	0	0	0	0	0	10	0	0	0	0	0	0	0	0	0	0	0	0	0	0	0	0	0	0	0	0	0	0
d__Bacteria;p__Actinobacteriota;c__Coriobacteriia;o__Coriobacteriales;f__Eggerthellaceae;g__Senegalimassilia	0	0	0	0	0	0	0	0	0	0	0	0	0	0	0	0	0	0	0	0	0	0	0	0	0	0	0	0	0	0	0	0	0	0	0	0	0	0	0	0	5	0	0	0	3	0	0	0	0	0	0	0	0	0	0	0	0	0	0	0	0	0	0	0	0	0	7	0	0	0	0	0	0	0	0	0	0	0	0	0	0	0	0	0	0	0	0	0	0	0	0	0	0	0	0	0	0	0	0	0	0	0	15	0	0	0	0	0	0	0	0	0	0	0	0	0	0	0
d__Bacteria;p__Firmicutes;c__Clostridia;o__Lachnospirales;f__Lachnospiraceae;g__Marvinbryantia	0	0	0	0	0	0	0	0	0	0	0	0	0	0	0	0	0	0	0	0	0	0	0	0	0	0	0	0	0	0	0	0	0	0	0	0	0	0	0	0	4	0	0	0	0	0	0	0	0	0	0	0	0	0	0	0	0	0	0	0	0	0	0	0	0	0	0	0	0	0	0	0	0	0	0	0	0	0	0	0	0	0	0	0	0	0	0	0	0	0	0	0	0	0	0	0	0	0	0	0	0	0	0	7	0	0	0	0	0	0	0	0	0	0	0	0	0	0
d__Bacteria;p__Firmicutes;c__Bacilli;o__Lactobacillales;f__Carnobacteriaceae;g__Granulicatella	0	0	0	0	0	0	0	0	0	0	0	0	0	0	0	0	0	0	0	0	0	0	0	0	0	0	0	0	0	0	0	0	0	0	0	0	0	0	0	0	0	0	0	0	0	2	0	0	0	0	0	0	0	0	0	4	0	0	0	0	0	0	0	0	0	0	0	0	0	0	0	0	0	0	0	0	0	0	0	0	0	0	0	0	0	0	0	0	0	4	0	0	0	0	0	0	0	0	0	0	0	0	0	0	0	0	0	0	0	0	0	0	0	0	0	0	0	0
d__Bacteria;p__Firmicutes;c__Clostridia;o__Oscillospirales;f__Ruminococcaceae;g__Fournierella	0	0	0	0	0	0	0	0	0	0	0	0	0	0	0	0	0	0	0	0	0	0	0	0	0	0	0	0	0	0	0	0	0	0	0	0	0	0	0	0	0	0	0	0	0	0	0	0	0	0	0	0	0	6	0	0	0	0	0	0	0	0	0	0	0	0	0	0	0	0	4	0	0	0	0	0	0	0	0	0	0	0	0	0	0	0	0	0	0	0	0	0	0	0	0	0	0	0	0	0	0	0	0	0	0	0	0	0	0	0	0	0	0	0	0	0	0	0
d__Bacteria;p__Firmicutes;c__Bacilli;o__Lactobacillales;f__Lactobacillaceae;g__Ligilactobacillus	0	0	0	0	0	0	0	0	0	0	0	0	0	0	0	0	0	0	0	0	0	0	0	0	0	0	0	0	0	0	0	0	0	0	0	0	0	0	0	0	0	0	0	0	0	0	0	0	0	0	0	0	0	0	0	0	0	0	0	0	0	0	0	0	8	0	0	0	0	2	0	0	0	0	0	0	0	0	0	0	0	0	0	0	0	0	0	0	0	0	0	0	0	0	0	0	0	0	0	0	0	0	0	0	0	0	0	0	0	0	0	0	0	0	0	0	0	0
d__Bacteria;p__Firmicutes;c__Negativicutes;o__Veillonellales-Selenomonadales;f__Selenomonadaceae;g__Megamonas	0	0	0	0	0	0	0	0	0	0	0	0	0	0	0	0	0	0	0	0	0	0	0	0	0	0	0	0	0	0	0	0	0	0	0	0	0	0	0	0	0	0	0	0	0	0	0	0	0	0	0	0	0	0	0	0	0	0	0	0	0	0	0	0	0	0	0	0	0	0	0	78	0	0	0	0	0	0	30	0	0	0	0	0	0	0	0	0	0	0	0	0	0	0	0	0	0	0	0	0	0	0	0	0	0	0	0	0	0	0	0	0	0	0	0	0	0	0
d__Bacteria;p__Firmicutes;c__Clostridia;o__Lachnospirales;f__Lachnospiraceae;g__Lachnospiraceae_UCG-003	0	0	0	0	0	0	0	0	0	0	0	0	0	0	0	0	0	0	0	0	0	0	0	0	0	0	0	0	0	0	0	0	0	0	0	0	0	0	0	0	0	0	0	0	0	0	0	0	0	0	0	0	0	0	0	0	0	0	0	0	0	0	0	0	0	0	0	0	0	0	0	0	0	0	0	0	0	0	0	0	0	0	0	0	0	0	0	0	2	0	0	0	0	10	0	0	0	0	0	0	0	0	0	0	0	0	0	0	0	0	0	0	0	0	0	0	0	0